"MajorCommandID","pEffComp","pNoEffComp","pPlatEnC","pPlatOther","pPlatFnC","pPlatLand","pPlatVessel","pPlatAir","pPlatWnA","pPlatMnS","pPSRProducts","pPSRServices","pRnD","pPscEnC","pPscICT","pPscPAMS","pPscOther","pPscFRSnC","pPscERS","pPscRnD","pPscLand","pPscFuels","pPscShips","pPscMED","pPscAir","pPscCloth","pPscLnM","pPscMnS","pPscEngines","pPriceFixed","pPriceTime","pPriceCost","pPriceOther","pFeeNone","pFeeEPA","pFeeIncentive","pFeeFixed","pFeeRedermination","pFeeAward","pFeeEffort","pIDV","pAward","pVehBPA","pVehFSS","pVehMAC","pVehPur","pVehSAC","pVehDef","pVehOIDV","pNoComp1Source","pNoCompOther","pNoCompFollowOn","pComp5pOffers","pComp1Offer","pComp2Offers","pComp3or4Offers","pCompNo Comp. (Unlabeled)","wavOffers","avOffers","lwavOffers","lavOffers","TotalValue","TotalCount","avSize","lavSize","MaxAnnualValue","TotalThreshold","AnnualThreshold","Exclude"
"ORG-2773",0.713884984549937,0.286115015450063,0.31521851541392,0.0244458648164444,0.660335619769636,0,0,0,0,0,0.329392109831029,0.670151716616032,0.000456173552938308,0.201429702298203,0.113788813115717,0.0162962512100437,0.127962407532827,0.000524833451447427,0.539541818838824,0.000456173552938308,0,0,0,0,0,0,0,0,0,1.00051385505453,-0.000513855054525325,0,0,1,0,0,0,0,0,0,0.795306186190218,0.204693813809782,0.0445642374475618,0.354227760385471,0.187876404546408,0.0715668779244249,0.208508369876167,0.133256349819967,0,0.0821454377629241,0.198666747504307,0.00847993992318742,0.114086386690927,0.0244230313582097,0.127742936277895,0.444455520482549,0,3.45941216913859,5.07142857142857,1.41443508025322,1.60539556030895,91295076.6726,1741,52438.2979164848,0.196107023775053,91295076.6726,"[ 1.00e+07, 1.00e+08)","[ 1.00e+07, 1.00e+08)",FALSE
"ORG-2774",0.887399460726909,0.112600539273091,0.163429021409703,0.0719102233718914,0.762205990798834,0.00149477143158906,0.000214665404140666,3.96702858315137e-05,0.000705657298010113,0,0.153498517048389,0.846635257334082,-0.000133774382470138,0.00901708755177314,0.152104537081339,-0.000167198022115367,0.135886930386246,0.669622075024238,0.0201829258051991,-0.000133774382470138,0.00155668068911623,0.00191330816515277,0.000214665404140666,0.00489291744542088,3.96702858315137e-05,0.00135738142716517,0.000705657298010113,5.06803878474979e-05,0.0027564554531052,0.759826933191638,0.087904268188535,0.152268798619827,0,0.580616625514398,0.00613466361537981,0.376785756793604,0.0364629540766182,0,0,0,0.237575489685932,0.762424510314068,0.00045818232597859,0.0261894413050804,0.00897345975103084,0.0777911717995787,0.182978628916379,0.690110592399819,0.0134985235021332,0.0113188122792285,0.112309590279207,0,0.470219983858077,0.00153289107612535,0.0893920878252532,0.315226634682109,0,5.34682788718682,7.04651162790698,1.72567259721774,1.81198756113534,193039955.2115,2001,96471.7417348826,0.209405514524288,193039955.2115,"[ 1.00e+08, 4.96e+10]","[ 1.00e+08, 4.96e+10]",FALSE
"ORG-2775",0.937034510453421,0.0629654895465788,3.07690180320589e-05,0.94047333065038,0.0594918907181348,4.00961345301538e-06,0,0,0,0,0.938291418454435,0.0616857560408013,2.28255047632802e-05,2.97858543867999e-05,9.83163645258986e-07,0.00169285714537941,0.00184121207808915,0.0595826238221255,0.000407451479386186,2.28255047632802e-05,0,0.936417535529831,0,1.84043026500858e-06,0,0,0,0,2.88499212842578e-06,0.999923560178574,7.64398214256879e-05,0,0,0.350221872223115,0.646181043503017,7.9926765797424e-05,0,0.00351715750807026,0,0,0.92089615784355,0.0791038421564503,1.86738228931538e-07,0.000866382834380799,0.00903748190309414,0.00267857872121566,0.891810547738014,0.0766536307325346,0.0189531913325319,0.00104509699421959,0.000335686960444573,0.000468291910655539,0.87400699607688,0.018880994176681,0.0406829424926877,0.0645799913884316,0,26.2556386395312,16.0119047619048,2.99980246910265,2.19644082111175,12478370267.8355,21688,575358.274983193,0.0292662513381305,12478370267.8355,"[ 1.00e+08, 4.96e+10]","[ 1.00e+08, 4.96e+10]",FALSE
"ORG-2776",-0.351462296412868,1.35146229641287,0.338124202720217,0.307836270940475,0.345199693889285,0.00883983245002265,0,0,0,0,0.382070623357142,0.617929376642858,0,0.00701743897968553,0,0.307836270940475,0.0351065881869022,0.333278284718038,-0.0231851790156552,0,0.00883983245002265,0,0,0,0,0,0,0,0.331106763740531,1,0,0,0,1,0,0,0,0,0,0,-0.483019336750489,1.48301933675049,0.00449766775419702,-0.487517004504686,0,0.0987403289017086,0,1.38427900784878,0,0,0.674541870572502,0,0.167622899023919,0.676920425824844,0.0113596036748109,-0.530444799096076,0,2.7318127851918,2.92307692307692,1.19314436851629,1.22546854971231,4528649.1832,32,141520.286975,5.17684663717864,4528649.1832,"[ 1.00e+06, 1.00e+07)","[ 1.00e+06, 1.00e+07)",TRUE
"ORG-2777",0.837031091802307,0.162968908197693,0.00428568116377341,0.17185236832096,0.820451841120611,0.00341010939465531,0,0,0,0,0.109280192101753,0.890719807898247,0,0.00222719404304322,0.00207998957875605,0.108088100249018,0.104262866386836,0.65444369357486,0.125095645055475,0,0.00286539314893304,-7.52614770596999e-05,0,0.00101237944013781,0,0,0,0,0,0.997543596232707,0.00245640376729344,0,0,1,0,0,0,0,0,0,0.816916594258369,0.183083405741631,0.00929265590990007,0.0404083893445881,-0.000272029088591962,0.178412051945707,0.758480482331873,0.0047341161895022,0.00894433336702202,0.00447253580009686,0.155099666060272,-2.67021005191898e-05,0.288390282928806,0.0598369059618013,0.0449781712040126,0.447249140145531,0,4.50382974009305,7.22413793103448,1.59458899838938,1.74718601663504,99409555.7597,6654,14939.8190200932,0.0142787231055552,99409555.7597,"[ 1.00e+07, 1.00e+08)","[ 1.00e+07, 1.00e+08)",FALSE
"ORG-2781",0.899458058437171,0.100541941562829,0.0263985683341184,0.183096660138171,0.473052575238304,0.000128642858311981,0.310926201438089,0.0064007572494785,-3.40525647322649e-06,0,0.996961659009613,0.00303834099038681,0,0.0262559000281851,2.37294769144693e-05,4.79990796291978e-05,0.651467363194882,0,0.00296661243384314,0,0.000121940826497875,0.000368924096854756,0.310926201438089,0,0.00640900626038878,0.0012983365712663,-3.40525647322649e-06,0,0.000117391849922704,1.00002568146399,-2.56814639882521e-05,0,0,0.925555071680198,0.0655729983055727,0.00887193001422945,0,0,0,0,0.780512594456956,0.219487405543044,0,0.000106270583799914,0.116407878457938,0.209184249789372,0.656157270028078,0.0125545452064532,0.00558978593435842,0.0274080444909019,0.00532629366040986,0,0.672679732711973,0.0661172569492806,0.151079608567939,0.0773890636194957,0,10.1227992439106,12.6586345381526,2.13549361690196,2.30996488972583,2460149467.858,63139,38964.0233113923,0.00179979800427158,2460149467.858,"[ 1.00e+08, 4.96e+10]","[ 1.00e+08, 4.96e+10]",FALSE
"ORG-2783",0.45971294270407,0.54028705729593,0.179933475245252,0.0611031860142707,0.0459328596513411,0.492808752338184,0.00230371067731898,0.122362013902272,0.095503087618442,5.29145529186494e-05,1,0,0,0.103262181785376,0,0,0.102348061801838,0,0,0,0.457058216887267,8.78187962148945e-06,0.000537895783598304,0,0.0718406381240598,0.00417444329792546,0.0954936383521617,0.000423621035310513,0.164852521052842,1,0,0,0,0.99321406630659,0.00678593369341035,0,0,0,0,0,0.321649358948068,0.678350641051932,0,0.00467249081696776,0.0227374350683484,0.420618055001145,0.286336501248973,0.257924408698062,0.00771110916650406,0.191141279284058,0.0281408281734539,0.00139293627918436,0.144668488499069,0.311358523901739,0.160754794070645,0.162543149791852,0,3.54912925922449,11.6621621621622,1.2305707831564,2.14863184003847,1265114141.6728,36243,34906.4410140662,0.00564205282485885,1265114141.6728,"[ 1.00e+08, 4.96e+10]","[ 1.00e+08, 4.96e+10]",FALSE
"ORG-2784",0.529679028588547,0.470320971411453,0.421172703457108,0.308965733784995,0.103533474765996,0.0608334670207952,0.0372561934840559,0.0393044250136741,0.0283276915413816,0.00060631093199367,0.999429824731135,0.000570175268865373,0,0.326535414660949,9.99128750117435e-06,1.79907210048632e-05,0.406046836675022,7.13148499652203e-05,0.000470878410394115,0,0.0736674069113688,3.79228980237583e-05,0.0316823990143958,0,0.00786755145204799,0.00274115590605648,0.0278536177442133,0.00411774001629993,0.118879779452757,1,0,0,0,0.96827217719413,0.0317271990119537,0,0,0,6.23793916262035e-07,0,0.302374804426254,0.697625195573746,0.00340766819458818,0.00558954210743688,0.0105080967162932,0.573308220267529,0.234283987684956,0.126809137343711,0.0460933476854853,0.14698093760216,0.0832618006517184,0.000414528677692968,0.192772226415169,0.23728494364304,0.160534190353054,0.178751372657166,0,3.74990289120184,12.6974789915966,1.34532558248396,2.17072341764529,1886779856.9732,85379,22098.8750977781,0.0022633170270815,1886779856.9732,"[ 1.00e+08, 4.96e+10]","[ 1.00e+08, 4.96e+10]",FALSE
"ORG-2785",0.960079702484498,0.0399202975155021,6.83157396007368e-05,0.981478127624953,0.0182821477960293,0.000101929235230081,6.94796041866567e-05,0,0,0,0.999986989829357,1.30101706432056e-05,0,3.39759537913118e-05,0,1.30101706432056e-05,0.018647692294132,0,0,0,0.000101929235230081,9.02959908473055e-05,6.94796041866567e-05,0,0,0.98100927696536,0,0,3.4339785809425e-05,1,0,0,0,0.973248278032414,0.0267517219675862,0,0,0,0,0,0.996736317808968,0.00326368219103154,0,0.00116340955240732,0.003225704054142,0.00336703725572081,0.992213563353273,2.79794658735782e-05,2.30631858363237e-06,0.00754744709361541,0.000958210058439991,0,0.465549612223557,0.0275990696471951,0.108658953716782,0.38968670726041,0,4.73499163024523,23,1.5828687920839,2.57609690496959,4699400313.404,177392,26491.6135643321,0.000525356143401585,4699400313.404,"[ 1.00e+08, 4.96e+10]","[ 1.00e+08, 4.96e+10]",FALSE
"ORG-2786",0.893737084941821,0.106262915058179,7.10141990678187e-06,0.989045121005266,0.0109477775748272,0,0,0,0,0,0.999912934331187,8.70656688126346e-05,0,5.3306693176604e-06,1.77075058912146e-06,0,0.0109532065007998,6.50469036797634e-05,2.02480145437498e-05,0,0,0,0,0,0,0.98895439716107,0,0,0,1,0,0,0,0.928046376323695,0.071953623676305,0,0,0,0,0,0.97058540820295,0.0294145917970496,0.00156271166791465,0,0,0.0300407773644105,0.968396510967675,0,0,0.11619686150511,0.00417872572940079,0,0.0276713592400106,0.0425527586200657,0.263570745467174,0.545829549438239,0,2.70626624304877,4.80952380952381,1.28621715468176,1.58968545913528,2100713687.142,50857,41306.2840344889,0.0021378145275251,2100713687.142,"[ 1.00e+08, 4.96e+10]","[ 1.00e+08, 4.96e+10]",FALSE
"ORG-2787",0.203408103284502,0.796591896715498,0.170530194279799,0.0880104653649796,0.0562606867576594,0.0266210489548147,0.000855941779874774,0.641168291654655,0.0130528463580343,0.00350052485018308,0.999489160011187,0.000510839988812544,0,0.154204353140719,0,0.000483172844802358,0.139655098869312,0,2.76671440101865e-05,0,0.0108751152456233,3.40623174270092e-05,0.000766175211048121,0,0.476406629572059,0.000930505411415087,0.00631457952537456,0.00375230691822253,0.206550333799988,0.996186639495727,0.00024186940149142,0.00357149110278211,0,0.977645551158149,0.00643891423977036,0.0114764824134468,0.00357149110278211,0.000867561085851358,0,0,0.609678969731544,0.390321030268456,0.000307200661414098,0.00132859519448184,0.00438565271881507,0.215724110781331,0.383468801123106,0.175928867712484,0.218856771808367,0.530004179520933,0.128556495237404,0.000115891180439201,0.0540993445171245,0.137079574046467,0.086053603849489,0.0640909116481436,0,2.80470720545641,10.021978021978,1.17425529786514,2.01713734729381,4442767560.335,91459,48576.6032903815,0.00212762004066862,4442767560.335,"[ 1.00e+08, 4.96e+10]","[ 1.00e+08, 4.96e+10]",FALSE
"ORG-2790",0.62420719002563,0.37579280997437,0.00569088195058638,0.973500975072727,0.0208081429766869,0,0,0,0,0,0.978739911516081,0.0212600884839188,0,0.00569088195058638,0,0.0161144117957931,0.0156624662885612,0.00514567668812574,0,0,0,0,0,0,0,0.957386563276933,0,0,0,1,0,0,0,0.996453741187281,0.00354625881271882,0,0,0,0,0,0.899385371283289,0.100614628716711,0,5.53518836594123e-05,0,0.0179865362595613,0.899314292729882,0.0826438191268973,0,0.00687164670217553,0.2789435733722,0,0.281614342471911,0.0773073707809032,0.192169313048655,0.163093753624154,0,5.1674792796004,6.3015873015873,1.61940519657087,1.79009713907983,1189254329.82,2971,400287.556317738,0.0360007129914436,1189254329.82,"[ 1.00e+08, 4.96e+10]","[ 1.00e+08, 4.96e+10]",FALSE
"ORG-2791",0.61884854360341,0.38115145639659,0.486665773433393,0.471976268619062,0.0409937596181048,0.000359743339225802,0,4.45499021445358e-06,0,0,0.157722660413183,0.821808070601561,0.0204692689852554,0.147631969367421,0.332864663656995,0.447876806519799,0.00939678863244756,0.0287763885001051,0.0108865531150216,0.0204692689852554,4.45499021445358e-06,-2.60545435559712e-05,0,0.00140365880964074,0,0.000715501966656667,0,0,0,0.991671684391941,-2.35595998221914e-05,0.00499305485593838,0.00335882035194278,0.994772024508767,7.20284983577713e-05,0.000463285797175067,0.00132905536418694,0,4.78547957017852e-06,0.00335882035194278,0.805324263598092,0.194675736401908,0.349981438495796,0.150433462264724,0.142079980502825,0.0144441433909283,0.0736531815783464,0.180480105490579,0.0889276882768014,0.0595419994569009,0.0724528014518386,0.00727730201230908,0.318527649529016,0.240289550279479,0.120305119959697,0.18165526578929,-4.96884785314329e-05,3.97573261462757,7.18110236220472,1.41006313827351,1.7863242087163,942763013.5264,1919,491278.276980928,0.194269585538388,942763013.5264,"[ 1.00e+08, 4.96e+10]","[ 1.00e+08, 4.96e+10]",FALSE
"ORG-2825",0.298409702680326,0.701590297319674,0.165196177488874,0.301907261895137,0.0424430219131345,0.00191317735046873,5.51478843241605e-05,0.406591810632679,0.0463952041877039,0.0354981986476781,0.446219364792059,0.414770411532392,0.139010223675549,0.0601055732971757,0.0251668414366615,0.204396666246802,0.0152369451826573,0.0244009567447172,0.15957309302057,0.139010223675549,0.00184409022331201,0.000123156433566941,4.71815665847966e-05,0.00123285408364055,0.291426899844626,0.00127942171128864,0.0165098436330025,0.0251187515005904,0.0345275013992554,0.613612600956156,0.00666958219326404,0.376685770318274,0.00303204653230582,0.60698986831186,0.00882851986727775,0.135088839415731,0.200250480570767,0,0.0458102453020581,0.00303204653230582,0.486672632436142,0.513327367563858,0.00245708824512086,0.00871531457369594,0.0579902531274077,0.00689055188112091,0.324468156987832,0.506459512369823,0.0930191228149998,0.42322050961314,0.224490758441158,0.00222053546770172,0.0624774511933077,0.0469638278739512,0.155274854755253,0.0852461255828327,0.000105937072655582,5.31537898243834,29.479381443299,1.37691982635348,2.46943543239401,37430193013.6828,30197,1239533.49715809,0.067129795649626,37430193013.6828,"[ 1.00e+08, 4.96e+10]","[ 1.00e+08, 4.96e+10]",FALSE
"ORG-2834",0.364644330461351,0.635355669538649,0.0560861325416747,0.383489376759022,0.0849349567215687,0.000145444052159369,3.4947262619177e-06,0.00137953848935896,0.00776366058880187,0.466197396121152,0.253437381280132,0.501454390159007,0.245108228560862,0.0254733778871755,0.0186356049070444,0.108602878096497,0.00888824004741666,0.0736081037589014,0.299043044927567,0.245108228560862,0.000108840040089471,7.33646208949822e-06,3.4947262619177e-06,0.00156475846899666,0.00136031646490546,0.000156147310445661,1.80861769192246e-05,0.21735412001465,6.74221501787616e-05,0.611217237533345,0.00443802828510969,0.38427964141304,6.50927685055309e-05,0.37387197860112,1.98584576235679e-05,0.43361265101292,0.119369297218567,0,0.0730611219412634,6.50927685055309e-05,0.0966435377708287,0.903356462229171,0.00120668995200548,0.0215282588606386,0.0217098629359004,0.00257470575257362,0.0381113226624682,0.900794076542913,0.0140750832935004,0.573350535878254,0.033844065563482,0.00125205863132352,0.0627706216549385,0.0205034241471878,0.222998514573866,0.0852795740660648,1.20548488285913e-06,3.2830691452575,19.4518518518519,1.31731923174914,1.93059245675559,8434262883.1782,4080,2067221.29489662,0.283167226068015,8434262883.1782,"[ 1.00e+08, 4.96e+10]","[ 1.00e+08, 4.96e+10]",FALSE
"ORG-2835",0.770570796563475,0.229429203436525,0.169464414035064,0.315004857153864,0.428493400143648,0.0135578833699229,0.00198282149982454,0.0702450560838375,0.00122141546480528,3.01522490336306e-05,0.129999265329718,0.857940626090544,0.0120601085797379,0.0628563941217882,0.101432076788571,0.24459935682125,0.0423223758897798,0.373282048891645,0.0852463901425975,0.0120601085797379,0.00961997166317192,0.000842194652448756,0.00121950552713583,0.0533807534464797,0.0020735526154133,0.00701173234263352,0.00119535072080626,0.000575295270742209,0.00228289252579826,0.84610302074864,-4.95707010192183e-05,0.102395700230616,0.0515508497217633,0.824744105286408,0.00497945424519959,0.0175213457427786,0.00464497094097593,0,0.0965592740628744,0.0515508497217633,0.590481428215392,0.409518571784608,0.0233566353879783,0.0464370029790919,0.223428930961095,0.0464594658802407,0.273977927675258,0.365290398051405,0.0210496390649307,0.0469193806588901,0.127927857404318,0.00312753854551571,0.371620007643775,0.0724097164134,0.122961084632964,0.254927785468125,0.000106629233011951,6.26555055194934,9.19661016949152,1.7390328957566,2.01326487045435,1805991292.3486,9908,182276.069070307,0.115213512356647,1805991292.3486,"[ 1.00e+08, 4.96e+10]","[ 1.00e+08, 4.96e+10]",FALSE
"ORG-2836",0.537844585541989,0.462155414458011,0.0783586267658369,0.257208324889409,0.650699376827431,0.00745370795075299,0.000132725226993844,0.0041902067870629,0.0019570315525138,0,0.132057669218054,0.866373571546424,0.00156875923552184,0.050721055054902,0.0175635486738964,0.217230455440117,0.0676039926933587,0.55956611075498,0.0503590975334787,0.00156875923552184,0.00390655506384167,0.000676005031949768,6.17801736628507e-05,0.0216543591439521,0.00266074832647502,0.00386942763022402,0.00113093354988763,0.000683325801034107,0.000743845892718208,1.00004778882257,-5.47121093748862e-05,6.92328680074177e-06,0,0.992389701275833,0,0,0,0,0.00761029872416688,0,0.478741832482264,0.521258167517736,0.0421727180923901,0.0866999815384479,0.137197240812365,0.098150336044597,0.177270271291026,0.447592874847753,0.0109165773734201,0.17248837632383,0.0917518038046737,0.00210293119130792,0.195499188474704,0.117101496554863,0.0645637825157804,0.355907307098348,0.000585114036494004,4.48325404265198,7.72727272727273,1.49692403633299,1.89228103729938,761753612.8968,5188,146829.917674788,0.110618887188635,761753612.8968,"[ 1.00e+08, 4.96e+10]","[ 1.00e+08, 4.96e+10]",FALSE
"ORG-2837",0.892869063059059,0.107130936940941,0.121989855512891,0.192769390404816,0.664774733530039,0.00695064042412649,0.000411799104070212,0.0117490350481707,0.00135454597588726,0,0.223037361629467,0.776962638370533,0,0.0888939884143428,0.0236868166150398,0.123621844511149,0.109550759365035,0.557305337512322,0.0455874979825001,0,0.00427484646812603,0.000630374925266083,0.000411799104070212,0.0267611417495225,0.00267149827916333,0.0139684831250851,0.000817826506358205,0.000344012032541973,0.00147377340947788,1,0,0,0,1,0,0,0,0,0,0,0.902529079473058,0.0974709205269421,0.129474763708779,0.248199853468942,0.259625581647124,0.0889038174024195,0.26184365531875,0.00863078685787613,0.00332154159610836,0.0126119642415488,0.0336330792728607,0.0930192482885824,0.12674984699941,0.0879449083695442,0.0964843096663585,0.549556643161696,0,3.59182684449988,29.974358974359,1.40036394479875,1.69946182870168,441630544.3765,3885,113675.815798327,0.118210553511397,441630544.3765,"[ 1.00e+08, 4.96e+10]","[ 1.00e+08, 4.96e+10]",FALSE
"ORG-2838",0.727033914025181,0.272966085974819,0.260635655633654,0.375322429070359,0.357884070802167,0.00174766733341713,0,0.00358144754473893,0.000828729615663682,0,0.269649928990793,0.730350071009207,0,0.213599916462175,0.0422685607629484,0.379184293767971,0.043301636142806,0.30145167317193,0.0072413534981735,0,0.00143906626828253,7.16452014709473e-05,0,0.000204189808184832,0.00144209465879903,0.00814428612032268,0.000673372899859456,0.000514521195375536,0.000463390041700988,0.925258176327063,0.0154880694316133,0.0592537542413242,0,0.945103788716074,0.00105844021724824,0,0.051683016232739,0.00212815434241829,2.6600491520586e-05,0,0.459158655678054,0.540841344321946,0.0570519184380691,0.0662526114293511,0.183293970553197,0.0311440766195548,0.148158615926884,0.509755071068471,0.00434373596447225,0.0498184489398131,0.0791962646945556,0.00610732782025672,0.51985607323841,0.137761100035757,0.0858787390174464,0.121299101782386,8.2944471374752e-05,5.72253889880303,6.42477876106195,1.73389297210354,1.75750110713338,230103349.0414,1346,170953.453968351,0.320607778661703,230103349.0414,"[ 1.00e+08, 4.96e+10]","[ 1.00e+08, 4.96e+10]",FALSE
"ORG-2839",0.798475536594964,0.201524463405036,0.0941639983591205,0.310852277214255,0.591229806719568,0.00158849834135349,0,0.0021654193657036,0,0,0.106350121959845,0.791912857715434,0.101737020324721,0.0340731044888448,0.0594726850054373,0.138007374595788,0.0458834870610338,0.513915771819667,0.00781704203476458,0.101737020324721,0.00136557399119789,0.000102409887752747,0,0.0726999842597763,0.0021654193657036,0.022167310218773,0,0.00013249819641705,0.000460318750121993,0.985951129045164,0.00513875395953711,0,0.00891011699529857,0.985425982326725,0.00566390067797652,0,0,0,0,0.00891011699529857,0.505484983159865,0.494515016840135,0.0186744655038629,0.0209851504788401,0.23661125010963,0.046107800929054,0.210136649283991,0.448407215911081,0.0190774677835415,0.0276242142167017,0.132599737692298,0.0175847571867266,0.373116005908283,0.0235864808917506,0.195518523987013,0.229970280117227,0,6.07052401203439,6.93243243243243,1.73084594565286,1.78295455234729,154067154.5105,810,190206.36359321,0.447131077725276,154067154.5105,"[ 1.00e+08, 4.96e+10]","[ 1.00e+08, 4.96e+10]",FALSE
"ORG-2841",0.3389493142453,0.6610506857547,0.045585263672385,0.950283710777566,0.00413102555004854,0,0,0,0,0,0.0497162892224336,0.950283710777566,0,0.045585263672385,0,0.950283710777566,0.00413102555004854,0,0,0,0,0,0,0,0,0,0,0,0,0.0509656163559553,0,0.949034383644045,0,0.0509656163559553,0,0,0.949034383644045,0,0,0,0.996814164657553,0.00318583534244723,0.0292651614162761,0.00880239320005654,0.329728980757131,0.00318583534244723,0.627947638975214,0,0.00106999030887524,0.00681752162172393,0.00208366224647931,0.0236226575956565,0.0783109252531193,0.62852684429084,0.247134112880596,0.0135042761115847,0,1.714417713225,3,0.914162230598189,1.23528843209033,16134276.9715,59,273462.321550847,2.37227360526949,16134276.9715,"[ 1.00e+07, 1.00e+08)","[ 1.00e+07, 1.00e+08)",TRUE
"ORG-2842",0.721907272547846,0.278092727452154,0.224019900889811,0.197303152059143,0.509586574889966,0.0110972672527093,0.0013538078477623,0.0557327112879048,0.000906585772703482,0,0.367822387504176,0.632177612495824,0,0.129522031969062,0.0907023155434361,0.139939160266476,0.142810121907367,0.338911300032863,0.0345790012421783,0,0.00795314569976002,0,0.0013538078477623,0.0280458354108707,0.0541164685010679,0.0237518818097544,0.000783508260028412,0.00165201300642103,0.0058794085029529,1.00025918008953,-0.000259180089530299,0,0,0.919515602814673,0.0635484594071417,0,0,0.016935937778185,0,0,0.587412650101353,0.412587349898647,0.0335856050959348,0.164047507757619,0.120246733534053,0.0971399486562329,0.184506422568331,0.315841404987929,0.0846323773999003,0.0389667234609566,0.0961461320747084,0,0.35646478767906,0.139445979119676,0.0602450408125276,0.308731336853071,0,5.77421246594751,9.24285714285714,1.67345601693501,2.03610101525194,186320385.4366,1774,105028.402162683,0.19997843424372,186320385.4366,"[ 1.00e+08, 4.96e+10]","[ 1.00e+08, 4.96e+10]",FALSE
"ORG-2843",0.692479542877529,0.307520457122471,0.102716519327594,0.388986806371773,0.373932457715308,0.0014300210312006,0.000161303861932851,0.13183837743609,0.00093451425610191,0,0.11789376389904,0.869548484994848,0.0125577511061117,0.067996536593869,0.029655955798137,0.320186599098394,0.0357321097166924,0.321034731700957,0.161395504064454,0.0125577511061117,0.00123129887750018,0.000208723590628018,6.39109819425763e-05,0.0372756943329063,0.00128980375910539,0.0098960055428272,0.000860446851715204,0.000140645865229982,0.00047428211953035,0.908479474015928,0.00221290867737998,0.0893076173066921,0,0.788479071259068,5.18516515155194e-05,0.139248010314826,0.047533939680921,0.00217878597680777,0.0225083411168623,0,0.53672732072336,0.46327267927664,0.0240556421759131,0.0601554584809803,0.0942096571898026,0.0515927845840622,0.346501952861167,0.412799401159008,0.0106851035490666,0.071820735110064,0.172535086417633,0.00157200132040057,0.365238446409039,0.0404955213527267,0.191527213071624,0.156589350471642,0.000221645846870439,6.30673529245121,10.3869565217391,1.71774577326863,2.12452710506037,1494546104.6046,6920,215974.870607601,0.119468509865531,1494546104.6046,"[ 1.00e+08, 4.96e+10]","[ 1.00e+08, 4.96e+10]",FALSE
"ORG-2844",0.682141498914815,0.317858501085184,0.296285652342069,0.186638424546497,0.506968994409129,0.00428131285338366,0.000922569516555203,0.00415289166257898,0.000750154669786687,0,0.19153267941296,0.796859580664757,0.0116077399222833,0.122978147803869,0.167522347422354,0.103555309592748,0.0529324634567061,0.440227650108636,0.0277455691805794,0.0116077399222833,0.00313833881242345,0.000241695882155057,0.000655853942689546,0.0578087043604395,0.00189892702438406,0.00840119407649508,0.000454565619667417,0.000362209456472728,0.000469283338097195,0.963769568505459,0.00966274287345357,0.0265676886210868,0,0.967508293172695,0.00621409755153705,0,0.0221165204274459,0,0.00416108884832216,0,0.698805640453981,0.301194359546019,0.036244682071749,0.0840328678483474,0.269804468366353,0.056934393600983,0.261821525045664,0.24810845679496,0.0430536062719429,0.0832310914173607,0.112014995658794,0.0273494553238927,0.313518526691166,0.0952860914997121,0.0832433980942193,0.285333494281645,2.29470332100456e-05,5.76710785482526,10.3348017621145,1.68089756348081,2.13704915261655,1028490242.7379,6697,153574.771201717,0.0920608609665243,1028490242.7379,"[ 1.00e+08, 4.96e+10]","[ 1.00e+08, 4.96e+10]",FALSE
"ORG-2845",0.424702413504562,0.575297586495438,0.141046621224175,0.745586285474052,0.110549716801549,0.00112172793904975,0,0.000856365359348388,0.000839283201826904,0,0.0721200062142234,0.927879993785777,0,0.057622730542926,0.0794624363470315,0.460617794711391,0.0108110429337288,0.0938612291242455,0.262371982336788,0,0.000858409339300733,0,0,0.0315665512663204,0.000477289024971453,0.00109814764459555,0.000839283201826904,4.48557749958118e-05,0.000368247751878199,0.67013256426123,-0.000548193185243344,0.316275034703591,0.0141405942204219,0.658504927146294,-0.00491148698322446,0.0159838683454406,0.12735445210252,0,0.188927645168547,0.0141405942204219,0.256464089519669,0.743535910480331,0.0177468607135973,0.055858622026777,0.094000452342376,0.0330810773740177,0.0708757402138983,0.710518668934764,0.0179185783945694,0.0305430613398272,0.209590364743161,0.00646955030445252,0.138539941279047,0.327477642015025,0.0501579717069861,0.237166541358213,5.49272532872417e-05,3.23893253748292,6.13178294573643,1.22652660893173,1.72386502617268,380542088.5416,1400,271815.777529714,0.362690307472335,380542088.5416,"[ 1.00e+08, 4.96e+10]","[ 1.00e+08, 4.96e+10]",FALSE
"ORG-2869",0.658721306911635,0.341278693088365,0.143528180282763,0.380336708347731,0.445564120601487,0.0113665315020484,0.000361890769151723,0.0162883919587123,0.00253628712229157,1.788941581446e-05,0.233153602779553,0.764261465373475,0.00258493184697247,0.0961326453585126,0.0403089858676251,0.334877041986955,0.092267002750595,0.32311772527542,0.0289366714899057,0.00258493184697247,0.00723203587793328,0.00204844943330366,0.000287803616635184,0.0370210407535697,0.00851514555928216,0.0195129383328323,0.00224821500600376,0.000515603961255195,0.00439376288319946,0.969430901219586,0.0294254698328294,0.000787238704772851,0.000356390242811421,0.997546087637049,0.000912366031265624,0,0.000736927767815922,5.58261502075323e-06,0.000442645706036939,0.000356390242811421,0.581080499156916,0.418919500843084,0.0799238297090372,0.134338685646994,0.200483120400323,0.127570117280211,0.158707815704026,0.292012949062688,0.00696348219672151,0.0229493430521694,0.152608643331804,0.0180261454509256,0.363096466131564,0.14746036648116,0.108672374373121,0.187099447472467,8.72137067889311e-05,6.01083478938053,15.9075,1.65365907669718,2.37901571605164,2181530196.7111,28738,75910.9957794941,0.021825941823728,2181530196.7111,"[ 1.00e+08, 4.96e+10]","[ 1.00e+08, 4.96e+10]",FALSE
"ORG-2871",0.679661151964636,0.320338848035364,0.061677712993887,0.352571212654812,0.0345063734985861,0.00926320756408367,0.00668257234279135,3.74997682841209e-07,-4.59659612006919e-05,0.535344511909358,0.0356844319979944,0.450238630559517,0.514076937442488,0.0164132253353447,0.0418007605005014,0.373917303421157,0.000142711714843637,0.0343344164452097,0.000186150192648815,0.514076937442488,0.00926320756408367,0,0.00668257234279135,0,3.74997682841209e-07,0.00318289637204735,0,-5.56328799215084e-07,0,0.200833136634187,-0.00172961309748265,0.757910738875824,0.0429857375874718,0.199325911319678,0,0.0119956756654133,0.543463125709224,0,0.202229549718214,0.0429857375874718,0.565143184030422,0.434856815969578,7.14573398461814e-05,0.000284042991989154,0.435537334476091,0.00110345059203371,0.129250349222496,0.433753365377545,0,0.106084377717299,0.0707326639310842,-0.000646283564855388,0.176404902789631,0.154468824704927,0.18583056843615,0.306864242213262,0.000260703772501381,3.77148534550212,19.6015037593985,1.35811180084049,1.91511209250486,1013339594.8466,1153,878872.155114137,0.737250434982373,1013339594.8466,"[ 1.00e+08, 4.96e+10]","[ 1.00e+08, 4.96e+10]",FALSE
"ORG-2872",0.809215250397807,0.190784749602193,0.06267180419805,0.0584242163894699,0.872225424474164,0.00152311256812594,0.00471833176153064,3.45424927723772e-05,0.000226102614796661,0.000176465501090708,0.049319099805998,0.940958796787282,0.00972210340672018,0.0197552828626716,0.0166049515220451,0.108627528802747,0.0223285140453416,0.785028489734403,0.0304471305886252,0.00972210340672018,0.00122515041260861,0.000370364370186897,0.00189671692993447,0.000250696139462155,3.16989316601116e-05,0.00167929108799432,0.000161508627376838,1.61431291332026e-05,0.00185442940909035,0.949792128098969,0.00349764751054697,0.0466591329238843,5.10914665995577e-05,0.951765240593442,0.00206855448801861,0.00193361223093717,0.0323656103519705,7.65859325007987e-06,0.0118082322757817,5.10914665995577e-05,0.474351192074262,0.525648807925738,0.00378996090324349,0.012524384588708,0.230259056612371,0.0174512028347562,0.208788667713391,0.508239089692042,0.0189476376554886,0.021198015766285,0.113916333816661,0.00528738777120129,0.428703641284591,0.0542894530485004,0.131418213611351,0.244685539791573,0.000501414909836735,6.9395879565262,19.0147329650092,1.78609644818065,2.47094689673075,17241444184.2068,39635,435005.530067032,0.0413943993710268,17241444184.2068,"[ 1.00e+08, 4.96e+10]","[ 1.00e+08, 4.96e+10]",FALSE
"ORG-2875",0.578160421252948,0.421839578747052,0.0355148128495066,0.802181143762119,0.161741089385326,3.73858932249094e-06,0,0.000484394820204877,7.48205935211033e-05,0,0.238609548913134,0.76133632140229,5.41296845758562e-05,0.00778369155381436,0.0275698834942927,0.0924618982203142,0.0258725196735426,0.122005651329275,0.0234993416671407,5.41296845758562e-05,3.73858932249094e-06,6.54879737919747e-06,0,0.495799546691267,0.000484394820204877,0.204353433946915,7.48205935211033e-05,7.41979209834091e-06,2.29811463362385e-05,0.970884643221197,0.00522256825551094,0.0238927885232918,0,0.976600505723935,0.000181268527135116,0,0.0231524088419851,0,6.58169069449947e-05,0,0.598996118127117,0.401003881872883,0.0281875401397034,0.0797347507601172,0.0847455788552165,0.180561719334966,0.401436321534275,0.221328087383895,0.00400600199182681,0.0917780695045154,0.193149900928866,0.0215078661638569,0.357983465595846,0.122682559617921,0.0991489984162439,0.113696228587933,5.2911184817773e-05,9.30583057779931,19.1809045226131,1.78551075830375,2.38334534961536,1338986304.194,9461,141526.932057288,0.101895079316472,1338986304.194,"[ 1.00e+08, 4.96e+10]","[ 1.00e+08, 4.96e+10]",FALSE
"ORG-2877",0.462615838304772,0.537384161695228,0.155308698710058,0.296584945817546,0.160222438808341,0.0758963361797043,0.00193785395681756,0.182379331029512,0.070559983860534,0.057110411637487,0.481290104078063,0.458343103655402,0.060366792266535,0.0865682847549245,0.0507654140336687,0.230354820612022,0.0379443724896444,0.116063353525211,0.0606131538624012,0.060366792266535,0.0664054883249644,0.000615876126422992,0.00183658394312225,0.000546361622099263,0.150504494113258,0.0104927095505547,0.0607091241472045,0.0539287456334629,0.0122844249945042,0.679649133595534,0.0244951917326786,0.289306808837105,0.00654886583468326,0.667445138225678,0.0113227525896738,0.0959463601336711,0.19813451231194,0.0018161927694477,0.0187861781349064,0.00654886583468326,0.464073030676336,0.535926969323664,0.00927035431351389,0.0134056287699022,0.155527854448774,0.0193247292221685,0.273859440695721,0.516794293029124,0.0118176995207963,0.370816759969302,0.111988009709505,0.00604043109540082,0.144532042152941,0.0843752721624659,0.124890848993519,0.155570303105525,0.00178633281134215,6.21987376751759,34.4603691639522,1.46747210581477,2.44722801916826,49578757712.595,82816,598661.583662517,0.0242747547424577,49578757712.595,"[ 1.00e+08, 4.96e+10]","[ 1.00e+08, 4.96e+10]",FALSE
"ORG-2878",0.0097028098433206,0.990297190156679,0.990297190156679,0.0097028098433206,0,0,0,0,0,0,0,1,0,0,0.990297190156679,0.0097028098433206,0,0,0,0,0,0,0,0,0,0,0,0,0,0.990297190156679,0,0.0097028098433206,0,0.990297190156679,0,0,0,0,0.0097028098433206,0,1,0,0,0.0231140923129731,0.967183097843706,0,0.0097028098433206,0,0,0,0,0.589145254240859,0,0.401151935915821,0.0097028098433206,0,0,1.02361615618043,1.33333333333333,0.702722707878744,0.828302216596,-14445.3001,6,-2407.55001666667,2.41972301675354,-14445.3001,"-1.44e+04","-1.44e+04",FALSE
"ORG-2880",0.671667312354555,0.328332687645445,0.198808439461645,0.794166253607645,0.00578098871117224,-2.59248221685312e-06,0,5.2914780836436e-05,0.00119399592091875,0,0.0496673825455999,0.873698280674524,0.0766343367798765,0.0481548522008545,0.150639909880003,0.71913537598709,0.00151635680468012,0.00383378172234254,8.92130850886558e-05,0.0766343367798765,0,0,0,0,-1.06726697777499e-05,1.21289132960102e-05,-5.28270345295589e-06,0,0,0.188114260190672,0.00854097256335458,0.370428144923119,0.432916622322854,0.204306054951791,0,0,0.328523352488311,-0.000179363526343407,0.0344333337633878,0.432916622322854,0.85396087738237,0.14603912261763,0.000823527508974607,0.0176482761420669,0.530936637837863,0.00482683415238684,0.29730177447047,0.141212288465243,0.00725066142299529,0.106261118136799,0.0755475128654517,4.97997833387172e-05,0.461612239018249,0.146446719973052,0.100374306850564,0.109714407256203,-6.10388365717473e-06,4.31790589935593,11.5607476635514,1.54040127559835,1.58799149370077,723457228.7271,927,780428.509953722,0.581320235207422,723457228.7271,"[ 1.00e+08, 4.96e+10]","[ 1.00e+08, 4.96e+10]",FALSE
"ORG-2882",0.545202283329643,0.454797716670357,0.177850883121935,0.746545423820169,0.0652390304545521,0.000236631427269694,4.25041183306028e-05,3.31884956284053e-05,0.0100523385621153,0,0.0707927498965186,0.770202304740496,0.159004945362985,0.030057305549985,0.145959338386924,0.561822094978964,0.0254196316695485,0.038406926968251,0.00547234316218698,0.159004945362985,0.000236631427269694,0,4.25041183306028e-05,0.0185416012441705,3.31884956284053e-05,0.0148084346385485,1.55438773034271e-05,0.000169891844426866,9.61827547760351e-06,0.622142901137162,0.0847215758872699,0.274424529201652,0.0187109937739163,0.741334245733098,0.000122872156479563,1.27988241663717e-05,0.222564074485364,0.000223627239503268,0.0170313877874729,0.0187109937739163,0.71383742912492,0.28616257087508,0.00561626099591033,0.1266671995499,0.258350537654814,0.0525525925314572,0.239836163705916,0.233609978343623,0.0833672672183802,0.163118920328893,0.0910284430852797,0.0164143071549522,0.200457672720934,0.180458604409204,0.174487784864506,0.171922926117399,0.00211134131883269,16.1745287482364,30.696,1.52770059742769,2.14691561647275,1235668496.6472,3641,339376.132009668,0.236670682533301,1235668496.6472,"[ 1.00e+08, 4.96e+10]","[ 1.00e+08, 4.96e+10]",FALSE
"ORG-2936",0.172296033446775,0.827703966553225,0.0733497343594548,0.101635630616185,0.00767512966248632,0.000867359029900453,2.30559679698689e-05,0.761956222869407,0.0108164633402115,0.0436764041543848,0.693313053962826,0.128804149350387,0.177882796686787,0.0347718702022664,0.00958465442007521,0.0509977265660704,0.0231082246510736,0.000544351999182197,0.0676727980795421,0.177882796686787,0.000327517548548239,2.63183422803931e-06,1.52340244124883e-05,4.61828551750163e-06,0.524453409276393,2.81524866352683e-06,0.00309012342050138,0.04512055893854,0.0624206688181992,0.716243584318815,0.00118253550163611,0.28256510362487,8.77655467914344e-06,0.314350957360249,0.000576350128180841,0.451089537653,0.166741276887022,0,0.0672331014168703,8.77655467914344e-06,0.218848461111035,0.781151538888965,0.000235619138262707,0.00177562158616729,0.0651135348486481,0.00295379361802169,0.0904852097398677,0.778203723728646,0.0612324973403862,0.746192103740974,0.0203126168303084,0.00425311404504663,0.0206357172233777,0.0551240656859092,0.107075940164634,0.0464021870737764,4.25523597335864e-06,2.62982359207672,13.6224489795918,1.1663546426003,2.11213306731691,24843635060.8544,9953,2496095.15330598,0.168239208162028,24843635060.8544,"[ 1.00e+08, 4.96e+10]","[ 1.00e+08, 4.96e+10]",FALSE
"ORG-2937",0.330197118560425,0.669802881439575,0.259332119394847,0.356850452944473,0.0864440231528584,0.00796413669870369,0.0383056255305511,0.220335855907405,0.0295141741858794,0.00125361218528318,0.463074405820779,0.527151915475206,0.00977367870401481,0.0922930608465121,0.15805295213609,0.228690466496528,0.0663385875408422,0.0451632306234379,0.0467767167373569,0.00977367870401481,0.00635762595418818,0.00030099800048156,0.0096765971945664,0.0484685494817925,0.156908135511148,0.0285349369543679,0.0257304762446381,0.00141198861465484,0.0755219989593798,0.831329600792065,0.000126148349078898,0.168532755761628,1.14950972282399e-05,0.831667025319974,0.00156435924071798,0.000802227519476411,0.15788419295044,0,0.00807069987216357,1.14950972282399e-05,0.774401713931361,0.225598286068639,0.00938629716769446,0.0529032541775032,0.157401775248312,0.09664113420286,0.475796731715102,0.130825093666094,0.0770457138224343,0.459767124889636,0.0952419581977402,0.0155330712051278,0.10121673719863,0.112418437916972,0.0863582598316004,0.129393586811975,7.08239483190745e-05,3.81986491725489,12.2422802850356,1.36925551106833,2.18399893513395,7668265736.7132,71179,107732.136398561,0.0191981092819612,7668265736.7132,"[ 1.00e+08, 4.96e+10]","[ 1.00e+08, 4.96e+10]",FALSE
"ORG-2939",0.830478284004365,0.169521715995635,0.0494582699059097,0.732819406457832,0.0153013851470855,0.0066001509458838,0.195708188314582,8.8114826209011e-05,2.4484402497869e-05,0,0.080244378534295,0.919734561104281,2.10603614238167e-05,0.000262216738967468,0.047445332533072,0.0612949530365474,0.021908191196377,0.00150535550146568,0.809432870271289,2.10603614238167e-05,-5.68505677019342e-07,0.0101751854208141,0.0409438410554439,5.60497619071479e-05,6.2586192597294e-05,0,2.4484402497869e-05,3.08255214708592e-05,0.00683761651180351,0.966141110712464,0,0.0276835507848262,0.00617533850271035,0.917987191890264,0.00553216344389103,0,0.023140018851533,0,0.0471652873116015,0.00617533850271035,0.154835519425445,0.845164480574555,0.00130411460541741,0.00407022632192097,0.042374538350505,0.0453855728507688,0.107039381108817,0.799778907723786,4.72590387844147e-05,0.0459148223397157,0.0222946776598075,2.39678045220938e-05,0.476294582617166,0.104848254503499,0.184052348955454,0.166571346119836,0,4.94235337427267,6.36065573770492,1.63090168510581,1.79920247915662,1758997386.3979,3948,445541.384599265,0.13903351365186,1758997386.3979,"[ 1.00e+08, 4.96e+10]","[ 1.00e+08, 4.96e+10]",FALSE
"ORG-2940",0.79038712487952,0.20961287512048,0.00932300394202589,0.0438735001937732,0.939610607275941,0.00285694454993007,0.00304974592695489,7.11765968218158e-05,0.00121502151455309,0,0.0149128078694737,0.981362823074757,0.00372436905576923,0.00246176771363392,0.00360130653712811,0.125855875640351,0.00638397335904983,0.83753922138343,0.0142515563405737,0.00372436905576923,0.00151532524078434,2.28895321048347e-06,0.00225175449513526,0.000114863173274313,7.11765968218158e-05,6.75453385038562e-05,-4.80790075979987e-08,8.32287659127432e-06,0.00215070137475056,0.938156596642649,0.000212480471575011,0.0615768866027528,5.40362830229402e-05,0.936873521071023,0,4.12751902700123e-05,0.0113096818755786,4.86713083143423e-05,0.0517163269585552,1.05235962591513e-05,0.70699736950902,0.29300263049098,0.00219939878087418,0.00208109268726454,0.367000147855653,0.00479820519378446,0.331043016336643,0.288342359171916,0.00453577997386425,0.0222347584703947,0.16156341265183,0.00888376946205437,0.457442923504837,0.0274616978320114,0.081091895444076,0.241223022941151,9.85196936455799e-05,7.29728434098073,15.202416918429,1.85638033374649,2.30229337211961,8243724648.1355,25667,321179.906032474,0.0350460439302768,8243724648.1355,"[ 1.00e+08, 4.96e+10]","[ 1.00e+08, 4.96e+10]",FALSE
"ORG-2941",0.348633897818603,0.651366102181397,0.0742631610668475,0.166370663063823,0.0173620768979,0.00302370330719162,0.637566444664551,0.00123576971304942,0.0716587888181777,0.0285193924684601,0.710691345543607,0.234520062619518,0.0547885918368749,0.0583238081539655,0.00586436524042179,0.120910077156554,0.0127464848909945,0.00577118030914932,0.101970940876666,0.0547885918368749,0.000664431535309479,2.49558897297993e-06,0.47732360276684,3.49903672697898e-06,0.00120309462718972,0.000251352677009842,0.0599150591251253,0.02642714740449,0.0738338687737097,0.317817643444435,0.00121590737751699,0.680677524249719,0.000288924928329703,0.166540081066411,0.000402959758370611,0.302385515380973,0.464867715969341,0.000383340663017216,0.0651314622335583,0.000288924928329703,0.217777460735939,0.782222539264061,0.00171521431101006,0.00438753216084105,0.11315969936779,0.00743581354917391,0.075477665737677,0.77479896200154,0.0230251128719681,0.540505174017858,0.0393259390703762,0.000281579005545306,0.0186669696904999,0.0718455362548524,0.210428841377582,0.118935602990747,1.03575925387586e-05,2.49599746911259,15.9303482587065,1.16834555377281,2.0631682612959,29864573695.7916,24211,1233512.6056665,0.0937948706706753,29864573695.7916,"[ 1.00e+08, 4.96e+10]","[ 1.00e+08, 4.96e+10]",FALSE
"ORG-2942",0.037650523158924,0.962349476841076,0.0143364204425505,0.169879731189119,0.00324233461518596,7.69203903634725e-05,-0.00702388704059777,8.32697910634428e-06,0.116735609911911,0.702744543512362,0.722941261240792,0.238910250797411,0.0381484879617968,0.00501547686910431,0.00343844576293223,0.230590352566008,0.00114100463827044,0.0030047838810357,0.00187499650327715,0.0381484879617968,3.5314166602234e-05,0,0.000112800439362212,1.67208415790046e-06,0,0.000147653133602616,0.0512063889018863,0.665261425491392,2.11976005719845e-05,0.628955250411817,1.10571887650319e-05,0.362783468383807,0.00825022401561098,0.128813994789426,0,0.624019160587046,0.238903977680006,0,1.26429279105351e-05,0.00825022401561098,0.00527024264717627,0.994729757352824,0.00016755736627321,0.00271058069728924,0.000299865480185907,0.000792847116943897,0.000668979001194885,0.993957081326394,0.0014030890117192,0.903969946720996,0.0497649292045155,0.000545474049216715,0.000603627165218176,0.00805876723859243,0.0292586431160237,0.00778825287812592,1.03596273119661e-05,2.22575974743595,6.62903225806452,1.12032385866464,1.52382074966467,2392224088.1524,410,5834692.89793268,1.94815232939921,2392224088.1524,"[ 1.00e+08, 4.96e+10]","[ 1.00e+08, 4.96e+10]",FALSE
"ORG-2943",0.640770954343146,0.359229045656854,0.314173948860299,0.376499463782407,0.177999170271345,0.103519403048065,0.00172403067971135,0.0154760703729007,0.0106083620400834,-4.49054812382442e-07,0.389043218414008,0.587154820759333,0.0238019608266595,0.145070255207942,0.150544406855771,0.290306257754819,0.101238453836924,0.104558673147597,0.0412116046454315,0.0238019608266595,0.0954806511785123,0.00211649070943166,0.00159915655177406,0.000533878355714387,0.00789371727272545,0.0146100173799258,0.00951742792883663,0.000206547899607346,0.0113105004483282,0.872647479739752,0.024506449383889,0.102846070876359,0,0.86659984054853,0.000501464612396587,0.0130785218204725,0.0830122482799313,0.0174944387752337,0.0193134859634359,0,0.659241950293022,0.340758049706978,0.04113426098017,0.0755567266073624,0.124089810200505,0.0423508681194695,0.395002695852246,0.298335652099584,0.0235299861406631,0.165594433743089,0.0673512881855853,0.000800669688996289,0.300961530483013,0.131357362897473,0.0913323655826969,0.242635387875843,-3.30384566965532e-05,4.57569191993518,11.5664556962025,1.54450208360542,2.09487905374897,2971504954.9223,12006,247501.662079152,0.0708644459418967,2971504954.9223,"[ 1.00e+08, 4.96e+10]","[ 1.00e+08, 4.96e+10]",FALSE
"ORG-2944",0.571452120983019,0.428547879016981,0.675583394685651,0.249516826077498,0.00698447193193458,0.000151736162360392,0.00302624479522335,0.0459607692812817,0.000281267603017626,0.0184952894630338,0.270906001223989,0.629582039085522,0.0995119596904884,0.217009817841694,0.398943302036015,0.196850640998405,0.00595209796570074,0.000884310585708386,0.0328900251543538,0.0995119596904884,6.55731143227107e-05,9.52150766681056e-06,0.00291373137458079,1.37603110398565e-05,0.0442529681083167,0.000102925477618454,0,1.09220405767757e-05,0.000588443793512059,0.359912986866865,0.00563032725459477,0.634442791947171,1.38939313693901e-05,0.353103849320476,0,0.0816064204380611,0.528656165561405,0,0.0366196707486889,1.38939313693901e-05,0.81254375364087,0.18745624635913,0.0154790630276033,0.011216474289681,0.465154508009159,0.0149145127120408,0.310218786475244,0.172591821573443,0.0104248339128289,0.143893921315039,0.0487298732852904,0.0197432858262258,0.159442913141015,0.20866090756065,0.239358757168716,0.179829295328555,0.000341046374508049,4.11933445462139,15.7635782747604,1.29684804203628,2.08554450228349,5200071378.7553,11223,463340.584403038,0.109997561542403,5200071378.7553,"[ 1.00e+08, 4.96e+10]","[ 1.00e+08, 4.96e+10]",FALSE
"ORG-2945",0.590546093894285,0.409453906105715,0.0805646740577448,0.80925525441968,0.0240482127244264,0.000107236026164524,0.0419636941350924,0.00095702135420238,0.000502232640403632,0.042601674642286,0.071674469423204,0.186351898553557,0.741973632023239,0.0387253890531912,0.0172844684943561,0.163910354792352,0.0239658214754892,0.000593212852541258,0.0044243007721004,0.741973632023239,0.000114358037449493,2.65841615754909e-05,0.00760647349992298,0.000139561642207812,0.00011260142666511,4.61022113970315e-05,0.000112238005407529,0,0.000964901552105944,0.136997078580714,0.00298608032062803,0.857821610733656,0.00219523036500209,0.182610584966132,0,0.00251308514153605,0.779661039740525,0,0.0330200597868047,0.00219523036500209,0.430053714377005,0.569946285622995,0.000181948928592722,0.0266587996527259,0.124278787627947,0.0579209827466865,0.248710395206966,0.516056808410391,0.0261922774266912,0.0817019643564993,0.132859177600821,0.000437632333108173,0.375380606001311,0.19290648622564,0.153727343294664,0.0629605653577159,2.62248302404706e-05,311.072130081804,152.248908296943,3.21113811870981,2.87130448251464,1291282747.4613,5643,228829.12412924,0.185833447668326,1291282747.4613,"[ 1.00e+08, 4.96e+10]","[ 1.00e+08, 4.96e+10]",FALSE
"ORG-3960",0.845849280510537,0.154150719489463,0.0297905244037852,0.966625188549249,0.000506881447397843,0,0,0.00308600949861259,0,-8.6038990441939e-06,0.337907982244934,0.596980492169571,0.0651115255854954,0.0135637498521689,0.0162267745516163,0.0622005649719103,0.321257440809398,1.7060849240923e-05,0.515182607286411,0.0651115255854954,0,0,0,0.00335348451039246,0.00308600949861259,1.26415542483192e-05,0,-1.18594694945734e-05,0,0.756823651027597,0.0370042379688327,0.20617211100357,0,0.80172129208332,0,0.00679744462413426,0.186494854930705,0,0.00498640836184108,0,0.892894484749912,0.107105515250088,0.00161589534805744,0.00586289690042587,0.20480353385942,0.000535031059572058,0.680612158642009,0.106570484190516,0,0.109015814378418,0.0202638797306068,-0.000144967134018715,0.198868875112884,0.0409049096975156,0.527747593095041,0.103343895119553,0,3.58063584305092,8.22314049586777,1.36734927745247,1.83402814549242,1922311095.7878,999,1924235.33111892,0.787736948625581,1922311095.7878,"[ 1.00e+08, 4.96e+10]","[ 1.00e+08, 4.96e+10]",FALSE
"ORG-4383",0.70301160275804,0.29698839724196,0.111414599496312,0.164416652184364,0.668364510366257,0.00945095377099508,0.00036597957906792,0.044731812882588,0.00125549172041618,0,0.272747253932243,0.727651373605502,-0.000398627537744999,0.0794784497376927,0.0251996887954677,0.0762598015603341,0.153247390314479,0.524001627344377,0.0577998936286411,-0.000398627537744999,0.0083343951366852,0.000236329251964214,0.00036597957906792,0.0443903622766822,0.00283006368903369,0.0240278012003433,0.000656078676128683,0.00227963545021447,0.00129113089663362,1.00208715593556,-4.30996718505335e-05,-0.00204405626371388,0,0.986413919838473,0.0154666182073661,-0.00204405626371388,0,0,0.000163518217874684,0,0.498990670987343,0.501009329012656,0.0232649527129378,0.0809246998241135,0.0928310050030377,0.108811905221617,0.297387952971935,0.392386828607385,0.00439265565897477,0.0328130835844074,0.175190361774739,0.00232851284142538,0.248009309345908,0.0866564390517275,0.126766846726329,0.328235446675463,0,5.79856901785611,8.4,1.64232226346225,1.95268117934799,266766087.4589,2875,92788.2043335304,0.148904126689977,266766087.4589,"[ 1.00e+08, 4.96e+10]","[ 1.00e+08, 4.96e+10]",FALSE
"ORG-4404",0.348357829568301,0.651642170431699,0.166975513989968,0.799854588295524,0.0164830509294784,0,0,0.0166684628508989,1.83839341311008e-05,0,0.125709018541891,0.841382824968513,0.0329081564895955,0.119808323848253,0.0471995931533493,0.76646566506743,0.00590069469363805,0.0108834799702594,0.0168340867774751,0.0329081564895955,0,0,0,0,0,0,0,0,0,0.670685502220007,0.0644102351807543,0.217088277258699,0.0478159853405397,0.768030489559445,0,0,0.184153525100015,0,0,0.0478159853405397,0.449084201554741,0.550915798445259,0.0310209427750192,0.0711265899076197,0.0881894823756492,0.00679194344479105,0.249801774137338,0.544235485345535,0.00883378201404802,0.216028457935127,0.263640926339614,-5.17103457394014e-06,0.0931850365846444,0.167610412429085,0.114248103775669,0.145233968604238,5.82653661974802e-05,3.06531488608893,4.26865671641791,1.26171385668296,1.43480580018594,195823155.9339,411,476455.367235766,0.86017820421857,195823155.9339,"[ 1.00e+08, 4.96e+10]","[ 1.00e+08, 4.96e+10]",FALSE
"ORG-4774",0.433215110813563,0.566784889186437,0.0723078752053457,0.815970525190198,0.116244679580514,-0.00328283571212749,1.27451035592738e-05,-5.10441198282133e-05,-0.00120194524766132,0,0.65361990330476,0.346604642591314,-0.000224545896073878,0.0369273998126089,0.0288684017189394,0.181871417101807,0.00646748371490262,0.0965811328900748,0.037603397128347,-0.000224545896073878,-0.00501955113034891,0.609521560600421,1.27451035592738e-05,0.00168029375214575,-9.02939381987382e-05,0.00712119132004625,0.00607840612410243,-0.00739800912988041,-1.0291724527612e-06,NA,NA,NA,NA,NA,NA,NA,NA,NA,NA,NA,NA,NA,NA,NA,NA,NA,NA,NA,NA,NA,NA,NA,NA,NA,NA,NA,NA,NA,NA,NA,NA,627299728.2885,3566,175911.309110628,0.071972691719247,627299728.2885,"[ 1.00e+08, 4.96e+10]","[ 1.00e+08, 4.96e+10]",FALSE
"ORG-4793",0.0835336442741478,0.916466355725852,0,1,0,0,0,0,0,0,1,0,0,0,0,0,1,0,0,0,0,0,0,0,0,0,0,0,0,1,0,0,0,0.462492451130202,0.537507548869798,0,0,0,0,0,1,0,0,0,0,0,1,0,0,0,0,0,0.00025577763049745,0.916466355725709,0.083277866643794,0,0,1.08430097716578,2,0.727194450209719,0.9939626599152,58163647.7403,3932,14792.3824364954,0.00755571825729188,58163647.7403,"[ 1.00e+07, 1.00e+08)","[ 1.00e+07, 1.00e+08)",TRUE
"ORG-4894",0.704056725949424,0.295943274050576,0.00777494337524566,0.733823841323461,0.258173288604205,0,4.63742927593289e-05,5.35715710354121e-06,0.000176195247225363,0,0.0159075781955008,0.370899885131479,0.613192536673021,0.00454305478515212,0.0032392983871623,0.113597530099617,0.00903286466998805,0.242349033120039,0.000232457360748465,0.613192536673021,0,0,0,0.0114815661639123,5.35715710354121e-06,0.00215010633603169,0.000176195247225363,0,0,0.323550101585315,0.00442847857057488,0.671838356842739,0.000183063001371668,0.328884673700116,-0.000138181759057033,-0.000273582181152262,0.670116904330976,0,0.00122712290774509,0.000183063001371668,0.94549966919965,0.0545003308003502,0.00013588662929649,0.0168058834766293,0.299126589963252,0.00742821043332137,0.628603890482084,0.0470721203670288,0.000827418648388315,0.00413630845639484,0.0242208586214103,0.00167639596872444,0.151882136655579,0.269032602627699,0.41328104856184,0.135770649108352,0,3.9182624256345,10.0738255033557,1.26799814736718,2.045697725957,2969858768.7358,2520,1178515.38441897,0.376688811364848,2969858768.7358,"[ 1.00e+08, 4.96e+10]","[ 1.00e+08, 4.96e+10]",FALSE
"ORG-4955",0.44264237919973,0.55735762080027,0.748431078945584,0.198732287644635,0.0519553455939657,0.000881287815815052,0,0,0,0,0.261053380707444,0.738946619292556,0,0.214812956256675,0.530129580877744,0.19073951551696,0.0460344555086491,0.0119033009034057,0.00513703182300622,0,0,0,0,0.0010371901714406,0,0.000205968942119159,0,0,0,0.897172172361344,0.0825556035783144,0.00598076287690419,0.0142914611834375,0.985708538816563,0,0,0,0,0,0.0142914611834375,0.868432215816181,0.131567784183819,0.243014830131015,0.381098983503971,0.0131244724147952,0.0292395998150689,0.13095336457065,0.102959063591232,0.0996096859732677,0.0476846724317788,0.249688437970412,0.000444648714052706,0.15343584138311,0.256174535910082,0.0891066317045492,0.200323646779516,0.00314158510650017,2.93293599305999,4.31034482758621,1.2413755934769,1.50422404719599,108618317.7411,520,208881.380271346,0.539992866569356,108618317.7411,"[ 1.00e+08, 4.96e+10]","[ 1.00e+08, 4.96e+10]",FALSE
"Uncategorized",0.709853990060489,0.290146009939511,0.200040325321206,0.658097587909836,0.00912221878432435,0.00115062830128802,0.00289521367803788,0.0145428657420297,0.00258537750265804,0.11156578276062,0.113575916277549,0.734170825891569,0.152253257830882,0.0513372980400471,0.131198381693507,0.154186201929206,0.0032005086809101,0.00517289982848312,0.0876183058811213,0.152253257830882,0.000910857685067685,8.38149339215018e-07,0.00272379683886506,0.355995036559252,0.00144628953516791,0.00131746185492651,0.00180285904516568,0.050777294224751,5.87122233086159e-05,0.391777289102032,0.00652143073526174,0.598461408997316,0.00323987116539039,0.3623127973069,0.0028699113603099,0.109232082541557,0.488142336095444,-6.2188761324884e-06,0.0342092204065308,0.00323987116539039,0.402808815963172,0.597191184036828,0.0180717471432647,0.0417690875656939,0.0910918137676296,0.0157950037509705,0.208498711733663,0.584659198665339,0.040114437373439,0.164388013737824,0.0833069887960268,0.0020626539351977,0.15473356747472,0.0672405402937264,0.396468943543596,0.131354766483274,0.000444525735634439,5.16194417121278,43.7911764705882,1.37611154467024,2.6219571088665,35463774899.8417,45967,771505.099306931,0.0513556287012233,35463774899.8417,"[ 1.00e+08, 4.96e+10]","[ 1.00e+08, 4.96e+10]",FALSE
