"PoPstateCode","pEffComp","pNoEffComp","pPlatOther","pPlatFnC","pPlatEnC","pPlatVessel","pPlatLand","pPlatAir","pPlatWnA","pPaltMnS","pPSRServices","pPSRProducts","pRnD","pPscPAMS","pPscMED","pPscFRSnC","pPscICT","pPscERS","pPscOther","pPscEnC","pPscLand","pPscEngines","pPscAir","pPscCloth","pPscFuels","pPscLnM","pPscRnD","pPscShips","pPscMnS","pPriceFixed","pPriceTime","pPriceCost","pPriceOther","pFeeNone","pFeeFixed","pFeeEPA","pFeeAward","pFeeIncentive","pFeeRedermination","pFeeEffort","pIDV","pAward","pVehFSS","pVehSAC","pVehPur","pVehMAC","pVehOIDV","pVehDef","pVehBPA","pComp3or4Offers","pNoCompOther","pComp1Offer","pComp5pOffers","pComp2Offers","pNoComp1Source","pCompNo Comp. (Unlabeled)","pNoCompFollowOn","wavOffers","avOffers","lwavOffers","lavOffers","TotalValue","TotalCount","avSize","lavSize","MaxAnnualValue","Exclude"
"AE",0.219562633465467,0.780437366534533,0.704956369384952,0.0937742519974887,0.192970207425636,0.00558549023876263,0.00209453090987184,0.000619150043289216,0,0,0.908463856902934,0.0915361430970662,0,0.596625349110987,-0.000930061599720917,0.0392396038647562,0.117963474478833,0.155565491048078,0.0140498391486235,0.0739395028857233,0.00209453090987184,0.000833120109558409,0.000619150043289216,0,0,0,0,0,0,0.746072448153598,0.247253207231675,0.00667434461472691,0,0.993325655385273,0.00667434461472691,0,0,0,0,0,0.914559273772859,0.0854407262271409,0.105354233144584,0.735562695368923,0.0061572612845671,0.0659528469224228,0.00752332150008443,0.0792834649425739,0.000166176836845054,0.11790414019902,0.539580304754116,0.0804976994778244,0.100474297569379,0.0013736542373657,0.160169903762295,0,0,4.80660820386481,5.66666666666667,1.50307829625787,1.58289395714366,18922007.2371833,174,108747.168029789,1.98667462517861,8625026.90763052,TRUE
"AK",0.606431240332193,0.393568759667807,0.312960917779684,0.612725923164869,0.0522392201584209,0.00113945716661661,0.00161792851652526,0.00876437954150329,0.00118026995303076,0.00937190371934989,0.763319740809762,0.214800269440931,0.0218799897493069,0.134110756490643,0.00618792880044699,0.550582286944961,0.0265532475833177,0.0458855209903929,0.0325967493180892,0.0203511071374595,0.00091874811491122,0.000418025419117096,0.00791799061028661,0.0254442166233043,0.124769132049086,0.000560131156430419,0.0218799897493069,0.000642271689719867,0.00118189732252647,0.885381130877925,0.0156987208081195,0.0988542079483367,6.59403656185118e-05,0.714253613674525,0.0436408012778061,0.142274771166082,0.0814050316110939,0.0182913711744399,6.84707304342667e-05,6.59403656185118e-05,0.548131058542082,0.451868941457918,0.0153360105724688,0.374524686818205,0.0260877569395494,0.151858611528289,0.00285305181720314,0.428237394326898,0.00110248799738667,0.157550247463077,0.222665790900736,0.134685995084685,0.294544626444258,0.152619732024018,0.0206696392771191,0.0149759495704442,0.00228801923566365,8.34810531990812,15.3683823529412,1.68726909835589,1.93072446821912,24989315589.6969,59507,419939.092706688,0.110915508963756,2375135424.55077,FALSE
"AL",0.765573926164254,0.234426073835746,0.543916294921711,0.118971335626277,0.0829390808467728,0.0473796808652555,0.0213063405378386,0.071219983740324,0.00914382261212497,0.105123460849696,0.395202941512113,0.214535414365913,0.390261644121974,0.179892955297565,0.000804487880908899,0.0858862278766961,0.0487317923196895,0.0798874781372541,0.0347492322246859,0.0269987691513937,0.0173383014441971,0.00787018111574952,0.0159384779166602,0.0187889712330694,0.0286337453978711,0.00624000646932568,0.390261644121974,0.0434565862813127,0.0145211431316474,0.417560189564417,0.0741585282284297,0.505066688483338,0.00321459372381477,0.476294365263376,0.159101845863237,0.0346322353178384,0.263518627486953,0.0605800620340493,0.00265827031073127,0.00321459372381477,0.433376615648877,0.566623384351123,0.0308278527772994,0.300445072560155,0.0144803356615498,0.0960370501072699,0.00229631277713289,0.552626412478659,0.00328696363793413,0.382557798587299,0.0799765848461604,0.0727922293481259,0.183197296492758,0.198762618774183,0.0673686281498251,0.0119438479779023,0.00340099582374647,5.6030505684111,33.9608260940829,1.53803707509043,2.23210614413407,113409346188.614,165907,683571.797384161,0.0690760557126861,10316121046.2438,FALSE
"AR",0.606457083085424,0.393542916914576,0.203612113231062,0.484982374832918,0.0188581371306799,0.0179378798822119,0.00413830132655881,0.0206630078366779,0.0996078022404938,0.150200383519397,0.619149939885011,0.369644625696721,0.0112054344182677,0.049079172140298,0.0325304697505503,0.441473278261103,0.00424220280218049,0.0918248169308789,0.0470820032392886,0.00857357597272419,0.00218575601307262,0.00669529139550992,0.0158183598502163,0.0243262951429913,0.00879422508631952,0.0428094518996505,0.0112054344182677,0.0152569747372834,0.198102692359665,0.853899333583459,0.00447056728289743,0.141414402784168,0.000215696349475786,0.855961132479134,0.0120111616645443,0.0160924813147254,0.0883065282149861,0.0273933378612374,1.96621158969209e-05,0.000215696349475786,0.443759383063357,0.556240616936643,0.0262283844288,0.308445685484581,0.0331911586621542,0.0723802485155421,0.0354990784406074,0.524064158951415,0.000191285516900272,0.108787876975803,0.335297280092267,0.0691436501506025,0.136476024273124,0.28922972811725,0.0369221119698648,0.0224814081082911,0.00166192031279761,6.42299041251827,20.3836036825954,1.41044263824412,2.08604741770039,11507184663.0193,36570,314661.872108813,0.11665113941073,1217202121.68378,FALSE
"AS",0.643614736285964,0.356385263714036,0.381803884687715,0.600384690530437,0.0178114247818477,0,0,0,0,0,0.661885010694961,0.338114989305039,0,0.081478019065119,0,0.545869659826278,0.0101625479326632,0.0243747838709009,0.0021513982186175,0.00174946293494199,0,0,0,-0.000989351847035492,0.335203479998515,0,0,0,0,1,0,0,0,0.646619309955936,0,0.353380690044064,0,0,0,0,0.452121492664528,0.547878507335472,0,0.370005621376456,0.0307373738393518,0.0816292149157723,0,0.517141133496121,0.000486656372299092,0.0485371507804325,0.00426527386723992,0.300002520717274,0.475469282744525,0.119608302761007,0.0224224128055757,0.0122258035366946,0.0174692527872517,28.9987269075425,6.73394495412844,2.28974253787827,1.52820506148483,63832735.1160185,201,317575.796597107,3.2574717707605,15752594.4700461,TRUE
"AZ",0.394866394734783,0.605133605265217,0.304012841409141,0.0521710020080802,0.0683166341705514,0.000474776530756837,0.0293653537592762,0.150492074819545,0.0836567238204869,0.311510593482162,0.328610661512861,0.583898538650363,0.0874907998367763,0.0711816896531512,0.179565070683836,0.0395510545301,0.0124193175638863,0.0258935290818878,0.0172201731643737,0.0314024482009612,0.00535034746447168,0.0451995640668252,0.123474322389573,0.0297006184759522,0.00208855566677943,0.0590052211357752,0.0874907998367763,0.000401716131827738,0.270055571953823,0.675010069103859,0.0202362672845967,0.304630125367713,0.000123538243831947,0.64708699106328,0.0709134396359457,0.0146936820325883,0.0939206291184333,0.162812932798891,0.0104487871070306,0.000123538243831947,0.202254958308137,0.797745041691863,0.0072279147544202,0.143714062223548,0.0122740475350618,0.048357725152645,0.0025316673258989,0.785608200505284,0.000286382503141566,0.0664099984731801,0.0563504514995627,0.068209723368757,0.0554120424101533,0.272277150268173,0.433016344541198,0.0457801934342266,0.00254409600474923,5.02176724220275,40.6485959438378,1.26423203324959,2.31156565908228,153278648062.663,198589,771838.561363736,0.051121884337344,13541834648.4578,FALSE
"CA",0.476793634813904,0.523206365186097,0.286417685578826,0.117899495016873,0.114336154628743,0.0383987708129914,0.0104731399520274,0.216204256634082,0.0156440261216261,0.200626471254831,0.35111072933334,0.425664513888515,0.223224756778145,0.108986740490278,0.0730770432491479,0.0893335586036153,0.0235750114968313,0.0561383754934675,0.032769569722667,0.055685890111173,0.00762089479325792,0.00591939776418104,0.186317962263556,0.0285292082563897,0.0182786563288626,0.00553134340190915,0.223224756778145,0.0217902689341363,0.0632213223123823,0.535904436096456,0.0210537578993789,0.442371265658234,0.00067054034593033,0.482448968560115,0.167563546091382,0.031124475913465,0.158140104928333,0.158906501955311,0.00114586220546343,0.00067054034593033,0.386342168793201,0.613657831206799,0.0192818277670956,0.280359572811161,0.0226039322583622,0.0759789269728482,0.0095224300800669,0.59196815047498,0.000285159635486323,0.156852976452063,0.0975639479665086,0.0794835390164207,0.118299339418661,0.198917938961933,0.329665437826632,0.0167860276362159,0.00243079272156602,8.35940540029951,43.011701308699,1.44700499543908,2.56172513391583,518019528572.471,1138253,455100.516820488,0.0159813488284614,45309016146.7201,FALSE
"CO",0.588289184324921,0.411710815675079,0.285854603969415,0.226112634692902,0.161525645637005,0.000192591883408682,0.00167001973169757,0.0110839376440195,0.0112309148427292,0.302329651598823,0.48428508147022,0.308411352468178,0.207303566061602,0.175006799432085,0.0142935031267842,0.178696131548301,0.054220565278514,0.0620680820845363,0.0418298281148965,0.0368108245361594,0.00110374936158656,0.0015169336176143,0.00795644100754562,0.013990003527454,0.0115158234660637,0.00681061279165474,0.207303566061602,7.30799897439859e-05,0.186804056055459,0.447222349087101,0.0391926404421334,0.512233056654242,0.00135195381652322,0.464164425665392,0.109844478087979,0.0151500987487828,0.320270933503928,0.0879416916429509,0.00127641853444429,0.00135195381652322,0.480186349731547,0.519813650268453,0.0372352581849007,0.291744897987492,0.0230721664697282,0.145111441204366,0.00397564476356981,0.497899858268964,0.000960733120979105,0.235877577373059,0.0632246902172738,0.14709556725748,0.157995149426067,0.192212998573422,0.181640021967934,0.0119359886288321,0.0100180065559323,7.04885504295187,36.3735370611183,1.41888338281178,2.28396571164566,66412552624.1619,127392,521324.358077131,0.0815450068362497,6871322321.24395,FALSE
"CT",0.0917702530085711,0.908229746991429,0.0661264545393842,0.0203192878329581,0.0241846593862204,0.314046177380429,0.0131534114609482,0.545676736718618,0.0142333687476152,0.00225990393382704,0.083466126223125,0.750500975747676,0.166032898029199,0.0219368729040377,0.000335968420398238,0.00991660229524504,0.00194786692693197,0.0493288156765121,0.017532574137462,0.01001827186192,0.0103141671466035,0.196610297432524,0.254997937151316,0.00487116845314134,0.00297424865363289,0.0133612462439042,0.166032898029199,0.238949425394604,0.000871639272568364,0.688985709359625,0.00207216618193943,0.308870292935451,7.18315229845382e-05,0.499656809197301,0.177141223075546,0.0596130538139573,0.103725602262369,0.156709989182496,0.00309358432190812,5.97381464219146e-05,0.271445127603335,0.728554872396665,0.00281455366556794,0.247478748358178,0.0126691640159645,0.0144707113445989,0.00646530162997526,0.715909776192707,0.000191744793008273,0.0207067064662695,0.10126858850853,0.0311327778974219,0.0271556831856122,0.0425208321788866,0.754307760584473,0.022565443840033,0.000342207338773453,12.6508274498712,47.0430987452264,1.43804716726871,2.28089775181868,140262619814.078,208755,671900.648195628,0.0408435385553186,13251133316.7137,FALSE
"DC",0.539933204933105,0.460066795066895,0.532262989102719,0.126052415375362,0.231619673342758,0.0992072738155663,0.00239722210901951,0.000663305460617072,0.000781276942516095,0.00701584385144282,0.723656621365279,0.207283635241028,0.0690597433936926,0.407591415353353,0.0273038613020061,0.0960587770011508,0.159498125583063,0.0332044421257057,0.0216175763010417,0.0578545536124152,0.0020728799788234,0.013521952346154,0.000134348579852977,0.0233210079598029,0.00237204825922195,0.000458196794869388,0.0690597433936926,0.0856491033849768,0.000281968023869896,0.56433757914835,0.0468094425937027,0.38340810013552,0.00544487812242745,0.616855629701722,0.269553122223285,0.0241890421540569,0.0580503723240321,0.0257933053974551,0.000113650077021072,0.00544487812242745,0.619536474623919,0.380463525376081,0.0881043294319488,0.266969868218277,0.0405290704439913,0.252789651457879,0.008508050668464,0.341264110596827,0.00183491918261243,0.170411247278654,0.19102924635212,0.173638401712962,0.215417667793185,0.154024085780141,0.0732033749057344,0.0150399576785911,0.00723601849861354,8.08736743163483,21.1646266829865,1.51866220974006,1.98318744470834,56947416021.8633,112767,505000.718489126,0.123995583074356,5189021749.37216,FALSE
"DE",0.592307030941603,0.407692969058397,0.264942833702532,0.638027890789065,0.0543639577876289,0.00182106348322058,0.00656839548649593,0.0264673470369987,0.00614051994551736,0.00166799176854183,0.637825588000451,0.293785224667757,0.0683891873317918,0.117927189255865,0.00219046943285869,0.470477514327594,0.0116480705908862,0.0355823443932482,0.145823346336755,0.0181681885337473,0.00485172238961119,0.0246910891913628,0.0178803592954785,0.0354127537591253,0.0442732031744043,0.000888024235651312,0.0683891873317918,0.00160958035486854,0.000186957396752923,0.904375067834885,0.0162435450431854,0.0786874795874829,0.000693907534446334,0.894656375408897,0.0408763635749267,0.0552965693944703,0.00409858633484107,0.00263184781788051,0.0017463499345383,0.000693907534446334,0.474409172733362,0.525590827266638,0.0546742578501009,0.32119684962239,0.0601373207654631,0.0830702494135322,0.0124972940775104,0.466905365245878,0.00151866302512551,0.167707290042166,0.112447963268693,0.161929230272668,0.31406952067006,0.110354727272007,0.106653262732325,0.0240500328436287,0.00278797289845207,20.5600189358585,48.0404164115126,1.79103798221697,2.17902900465703,3143835157.06611,16370,192048.574041913,0.185566407950112,341135989.597315,FALSE
"FL",0.515493510963562,0.484506489036438,0.309623555712638,0.201426245850667,0.172992946371113,0.0181072234305367,0.0089755308047676,0.119223029361639,0.105918599112397,0.0637328693562415,0.447537843756627,0.462244656959662,0.0902174992837106,0.148592236940062,0.00590890803786545,0.143827763649704,0.0383060333562139,0.110902901772782,0.0899271491905931,0.0957586725944066,0.00688395751807073,0.0200243853960849,0.0762047696653489,0.0268683984966332,0.00454932861067227,0.0871550085960282,0.0902174992837106,0.00681161980733017,0.048061367084494,0.748823206376076,0.0410740527304892,0.208984495368361,0.00111824552507419,0.748556124020768,0.0872817894696898,0.0294522132233501,0.0961540771428109,0.0367875460173923,0.000650004600915247,0.00111824552507419,0.511930415149853,0.488069584850147,0.0308081783046565,0.355995545531898,0.0309524101941443,0.119813335469545,0.00342496943169215,0.458119579663212,0.000885981404851553,0.172054855011601,0.0959035324914676,0.0930850747512221,0.174240341949214,0.164986070976358,0.264647223425968,0.0261887413468205,0.00889416004734922,6.20947312043291,33.057312492427,1.49499642773048,2.33616002663025,163555273383.346,450223,363276.139564941,0.0284008990458064,14423871782.3014,FALSE
"GA",0.398023008512627,0.601976991487373,0.186158133852458,0.247102035565621,0.0762367815349986,0.00255606675708932,0.0179661538812799,0.45932504442607,0.00790085754957643,0.00275492643290691,0.403534255207975,0.541570320809448,0.0548954239825769,0.120183757291982,0.00698887461641907,0.199296525708818,0.0228477811602203,0.0542173164305351,0.0447174940742915,0.0439853016833243,0.0092795779069257,0.00615473614659919,0.400567841934013,0.0226934629026763,0.00747242685193139,0.00424522672999097,0.0548954239825769,0.00211648849590804,0.000337764083787435,0.829453675210072,0.0382122756513693,0.132090046750305,0.000244002388254067,0.796857357310113,0.0380987316569883,0.047280032143756,0.0825851943135414,0.0345049761414469,0.000429706045900149,0.000244002388254067,0.390458400788493,0.609541599211507,0.034517523317316,0.230680537915917,0.0347369499651666,0.120463014449809,0.00326532469228244,0.575692587559391,0.000644062100117116,0.101955749591823,0.0806911216775506,0.0682216038395144,0.157750208651235,0.134681202346478,0.437338306960244,0.0136850108075736,0.00567679612558141,9.8939339060738,31.7601926163724,1.61173896283535,2.33618775312943,96894689048.6293,259080,373995.24875957,0.0410881792102834,9833729508.28376,FALSE
"GU",0.844882987375024,0.155117012624976,0.126584465514649,0.802149612276817,0.0159332455203366,0.0516982745846557,0.00219119575908631,0.000867791085364966,0.000575415259089878,0,0.918123216242512,0.0813970837895093,0.000479699967978352,0.0825611368411558,0.00756216317843299,0.72833197748977,0.00909285483659326,0.0905750838965599,0.0162709898816354,0.00598809363794163,0.000719760134948165,0.000680588418731426,0.00048470488658968,0.0465213238090857,0.00965683650411723,0.000464535721637619,0.000479699967978352,0.000568830849973188,4.14199448493639e-05,0.845355875401805,0.00994388095299853,0.144698581934761,1.66171043546131e-06,0.784190882565271,0.028608163516617,0.00599481425002122,0.181074220306185,-1.91822994331616e-06,0.00013217588141435,1.66171043546131e-06,0.506373148812742,0.493626851187258,0.0100163176072322,0.301737855642439,0.0263405840492586,0.193223541176284,0.000165829898072579,0.467996373241262,0.000519498385451528,0.212109551934608,0.085752030390734,0.0554667967959875,0.521040713702324,0.109766034294391,0.00475975914275053,0.00969075557086475,0.00141435816834063,7.50241371653759,8.38935756002596,1.84884398201883,1.8997957078875,7190652805.28037,27441,262040.479766786,0.132488518406421,690739368.999161,FALSE
"HI",0.743140068046808,0.256859931953192,0.291937328161397,0.553310458512314,0.0888094289903063,0.0506889264452636,0.00143846807211414,0.00419212333200669,0.00439112572944688,0.00523214075715088,0.757930177660933,0.195145895568472,0.046923926770595,0.142467660980387,0.0195600275861954,0.479946376601332,0.0442445210778173,0.0717115914152009,0.02554494833211,0.0308873570701079,0.000809887782030747,0.00127517006334982,0.001312501856017,0.0446751267262099,0.0817371767124819,0.0012241601471688,0.046923926770595,0.00637668072693292,0.00130288615206321,0.806348482139315,0.0322984333744915,0.161171955764534,0.000181128721659273,0.743472241078699,0.0539374964768684,0.0924695561539185,0.0845603266185641,0.0212926972800783,0.00408655367021275,0.000181128721659273,0.631883306998113,0.368116693001887,0.0312015845254725,0.414005434830363,0.0400857143702341,0.1795296046733,0.00416351081285478,0.328918302406655,0.00209584838112078,0.230117904474475,0.110044333293406,0.108333868731882,0.361184433770602,0.142551309214346,0.028868554881576,0.0145072736450507,0.0043923219886631,10.7129533939354,27.2638319672131,1.72612779905357,2.10349289912162,31542854863.5623,151733,207883.946561146,0.0503011258844402,2952933098.2585,FALSE
"IA",0.458540890455177,0.541459109544823,0.166645240021146,0.138225947414876,0.208222855210141,0.00194406599322643,0.0095356750218987,0.421184372891752,0.0513226284523447,0.0029192149946157,0.201225385021708,0.702447385755758,0.0963272292225331,0.0863561208334723,0.00043575718930504,0.0846178119765637,0.00945705850993389,0.0203586365124334,0.0855772543546676,0.131717565877483,0.0108288188485565,0.0144902007909969,0.394677909173276,0.0124341934835185,0.000554826563149822,0.0495433756234439,0.0963272292225331,0.00189569884984285,0.000727542190822849,0.787317470958027,0.0193309076191985,0.19325635103645,9.52703863246951e-05,0.774555841923183,0.134035580288206,0.0340709673167413,0.0333785901901063,0.0236750008123418,0.000188749083096988,9.52703863246951e-05,0.462191673919657,0.537808326080343,0.0380636251366888,0.33649467647825,0.0317297805807544,0.0844451758018549,0.00224976221049507,0.506169192709003,0.000847787082954043,0.149870126365863,0.064703406717323,0.0799962839280071,0.116500151569101,0.189604718186659,0.371290159044141,0.0260084428384031,0.00202671135050289,9.67865312562511,28.1765517241379,1.42001714202727,1.96743683538981,15081444397.8516,43949,343157.851096763,0.11638320954255,1666043778.13436,FALSE
"ID",0.707807248273472,0.292192751726528,0.274437268836838,0.510570312891167,0.16497059048993,0.0112702533293473,0.00581907157082256,0.0220211913191545,0.00705014356164972,0.00386116800109046,0.556091294640227,0.391435352530152,0.0524733528296211,0.0886636136112463,0.00905869701814402,0.419912503327295,0.0108390275354073,0.0276174531481346,0.0900379805491972,0.143865391551237,0.00500238772730749,0.0024375948241952,0.00346094437297128,0.0273814420831704,0.112598775549452,0.00514740317070841,0.0524733528296211,0.00135978725181877,0.000143645450093757,0.913084246948874,0.00472346119764845,0.0809011254954738,0.00129116635800328,0.779193242304352,0.0755757352711336,0.141848483937261,0.00182667032902795,9.86016169770093e-05,0.000166100183245153,0.00129116635800328,0.650923813347229,0.349076186652771,0.112937493259551,0.361863179941649,0.0637098428821464,0.173269311033622,0.000614192854027717,0.286360741205792,0.00124523882321233,0.172746500230092,0.151129340725591,0.0994294316642968,0.393646921496804,0.138584947666386,0.0284976092517544,0.0133197310918966,0.00264551787317841,12.0727399260841,17.0689848569826,1.92314016340645,1.98819438578214,3132512744.86161,21352,146708.165270776,0.155613499586656,359134777.806439,FALSE
"IL",0.620897951373095,0.379102048626905,0.223727342200085,0.243099142061389,0.174865608241997,0.00326642793044391,0.215437096421264,0.0846543228694028,0.0526075085549558,0.00234255172046301,0.290754937094129,0.64213748523693,0.0671075776689409,0.0918715179275542,0.00387443655263962,0.131291149572579,0.049727850830051,0.0139899822113057,0.116506048709084,0.0904233902237622,0.199143835229059,0.0258406246707723,0.0762633680188911,0.0605499144920735,0.0189548789661439,0.0492695124646286,0.0671075776689409,0.00288127864553745,0.0023046338169775,0.866749001359056,0.0294462516116692,0.103503110199764,0.000301636829510946,0.842490535985802,0.0672836511773511,0.052800950901271,0.0311277025661938,0.00313288700208994,0.00286263553778103,0.000301636829510946,0.695977206329772,0.304022793670228,0.0541811988234964,0.559325174720107,0.0375929179615827,0.0712876903992127,0.00905323039600489,0.267054952705326,0.00150483499427009,0.104317042962027,0.118535049280472,0.0875174195633396,0.293177209589215,0.19085622385393,0.183645206648227,0.0144859023923012,0.00746594571048851,8.10077883465933,34.7500459812397,1.68948666717345,2.24145342423327,69171738142.1828,436291,158544.957705254,0.0206380058166858,9980914254.3167,FALSE
"IN",0.280471056767219,0.719528943232781,0.227432946984903,0.0790233541921468,0.156833696854029,0.000959821702426332,0.381083624342012,0.136153816546049,0.0102643002063443,0.00824843917208941,0.208164197250346,0.749021345964069,0.0428144567855857,0.100664682630856,0.0231628494088745,0.0541781185930733,0.0124153215281601,0.0177432250893818,0.0342539379120683,0.127772807402284,0.348863590143671,0.0881510194440439,0.063185986180349,0.0511184829417113,0.0208855428659674,0.0073815936561092,0.0428144567855857,0.000872536300223766,0.006535849117641,0.856064778533661,0.0150094854134476,0.127818839896552,0.00110689615633933,0.812336688035899,0.0684637831389366,0.0548809911380588,0.0464929370210053,0.00815568050571254,0.00856302400404846,0.00110689615633933,0.487254317574761,0.512745682425239,0.0177053901047034,0.383828991306227,0.0218645540824743,0.0805029074208064,0.00411326174301504,0.491264959254411,0.000719936088361759,0.090117373232998,0.0462773147646725,0.143518797509896,0.0988256488269267,0.090498834260948,0.510196090791456,0.0184525286326453,0.00211341198045751,6.16439044617235,25.6334651507662,1.38120643004692,2.24359233304596,61645560809.6308,141230,436490.553066847,0.0580848217961983,8701237614.62039,FALSE
"KS",0.436438317978621,0.563561682021379,0.198394528882828,0.266150651883792,0.0452684901907366,0.000355589074702331,0.0109340630690108,0.462166573632474,0.0161603924640493,0.000569710802406866,0.516777685038222,0.43314012633474,0.0500821886270382,0.17803437838329,0.00561102625564337,0.210314597489534,0.0190470978087975,0.103770585100957,0.0349504917252969,0.015916057377952,0.00768016358556148,0.0287817250039201,0.314624022959817,0.0106704403380313,0.00465087466734335,0.0152410586751407,0.0500821886270382,0.0002571701782273,0.00036812182344996,0.809857682886798,0.0454090438231716,0.144577740174843,0.000155533115188056,0.864188662657027,0.036320155742141,0.0146511707704539,0.0637419852783531,0.0188520247383623,0.00209046769847453,0.000155533115188056,0.465617371400107,0.534382628599893,0.0270853435374944,0.354299226112886,0.029278949464391,0.0817325148067887,0.0010788381134939,0.506063179916841,0.000461948048104975,0.118825647221309,0.0925012543127546,0.0936196577154676,0.202889601936487,0.120028832485606,0.357964460809273,0.00888246436428283,0.00528808115481977,5.38659511800715,17.5824822036521,1.53832698595751,2.15547731884247,27354246141.5862,83293,328409.904092616,0.0773473115658149,3437912834.16324,FALSE
"KY",0.819923509613853,0.180076490386147,0.710728310463538,0.186770227899863,0.0199041599188062,0.00157837140606426,0.00371955216139317,0.0230366470552109,0.0538328707998466,0.000429860295278115,0.84424202920483,0.151526889138377,0.00423108165679238,0.0788235462147441,0.523054610805288,0.156371702315424,0.00403050240433106,0.0819616674650435,0.0323799900711299,0.0147482487696511,0.00186312206288145,0.00174994264557816,0.0119322771539731,0.0380578859690079,0.00280089525365239,0.0461170875589343,0.00423108165679238,0.00153528298968909,0.000342156663879496,0.427478163310146,0.0152564194977783,0.556341858603804,0.000923558588272297,0.440076126287133,0.126988717130942,0.008494541686796,0.0419832398372878,0.381965962915735,0.000474856051551282,1.65560905541145e-05,0.28407293438042,0.71592706561958,0.01305725612711,0.181672308735939,0.0133758727099505,0.0874282320842665,0.000704464753975699,0.703077945274567,0.000683920314191203,0.154349456639596,0.0408207133521113,0.0645146680297028,0.11536107583653,0.549501048462939,0.0640517647478197,0.0108318143261766,0.000569458605123984,3.58958083996846,15.1562965168205,1.29549355349124,2.06447663995722,69920581764.8465,119147,586842.990296411,0.0661930335160102,7113614799.51288,FALSE
"LA",0.756478205096487,0.243521794903513,0.237325305017594,0.458525105315204,0.0830277434550053,0.150373435007218,0.0636360700720614,0.00348910322998595,0.00251938984385452,0.00110384805907631,0.619469677248169,0.373971548898865,0.00655877385296517,0.0818470638263365,0.00205448858919831,0.410913422126932,0.0711815303080589,0.0534731723976438,0.0377004448737044,0.00911931119214708,0.0596029068343954,0.00271358027107109,0.00155896212626676,0.00474946194359472,0.107142634697149,0.00170835991890135,0.00655877385296517,0.149495493328908,0.00018039371272697,0.804052617453471,0.00527718295669781,0.190381679365583,0.000288520224248371,0.664852338119586,0.0244438259742205,0.123181237352386,0.128928998232653,0.0574902642936701,0.000814815803236317,0.000288520224248371,0.422999506357383,0.577000493642617,0.012954873538326,0.270915109213962,0.0191188963959126,0.137322092799612,0.00101076870894217,0.558442804271046,0.000235455072199788,0.204827439543883,0.0598420553690183,0.0756735364266244,0.344263037129661,0.206060414273228,0.0970815969498338,0.00926542710743998,0.00298649320031141,8.60690704692753,18.3527131782946,1.7965759755421,2.15472988948826,51515214478.2534,98330,523901.296432964,0.0774769483383935,6951825601.84023,FALSE
"MA",0.255344368459514,0.744655631540486,0.289453644399765,0.0462590279998272,0.265795254960441,0.00936668180236783,0.0106934162064636,0.148408791053739,0.0981027847483306,0.131920398829066,0.220341672022202,0.480821397151611,0.298836930826186,0.0914879254592759,0.00930575525778166,0.0256621188174478,0.0396882269550463,0.0541976455326507,0.0209175786896988,0.145364321538024,0.0035797024657086,0.138181298634468,0.0168777924733592,0.00944753950826098,0.00244510100658274,0.0632944797998847,0.298836930826186,0.0039018143478183,0.0768117686878056,0.589324496383724,0.0296875668254795,0.370641252094842,0.0103466846959551,0.657603724210458,0.136770979126251,0.0383291272873409,0.0743962403847331,0.0741100755451203,0.00844316875014137,0.0103466846959551,0.397733515548235,0.602266484451765,0.0287061117876838,0.318034254812629,0.0167404133594467,0.046881719004823,0.00262901970135025,0.586121275754489,0.000887205579578228,0.0719549217188094,0.144656211276432,0.105535029760495,0.0711718350639759,0.112370756884276,0.468725258026363,0.0239469274407113,0.00163905982893724,13.0633488149174,50.472364593434,1.36800532789038,2.52072990453505,144563790979.135,221023,654066.730517345,0.0538122572147229,14532318693.9814,FALSE
"MD",0.49076121522951,0.50923878477049,0.443158604669294,0.15598814856469,0.231655618530983,0.02756436572506,0.00500928664195845,0.087120419848414,0.0223052820348453,0.0271982739847552,0.563455966647967,0.297685317157734,0.138858716194299,0.290843843212356,0.0383483490619174,0.105042744668654,0.0773341313729092,0.0518868983321305,0.0475273825167237,0.112703390558942,0.0019860754000538,0.0025098038059675,0.0564417150003053,0.0309227276519472,0.00293950806250253,0.00769882133492549,0.138858716194299,0.0209879195901621,0.0139679732362047,0.551270764525387,0.103512770723229,0.34406454746807,0.00115191728331395,0.632066785130958,0.255015988548571,0.0068823288497734,0.054487897872201,0.0494931493736792,0.000914718465446775,0.00113913175937088,0.623489780625487,0.376510219374513,0.0708068339722806,0.342840812584131,0.0302868742478983,0.195899905376619,0.0108520047886077,0.347754508010134,0.00155906102033074,0.13795843856027,0.146671517002103,0.180737975579517,0.189988839233319,0.161063182569,0.155710387016008,0.021852180766446,0.00601747927333709,10.0727827427749,41.2689595313009,1.44726296832364,2.34279348798063,161170845053.464,416268,387180.482413887,0.036781854927295,14359245668.6876,FALSE
"ME",0.463282660273497,0.536717339726503,0.192196157509494,0.0714458310801282,0.00679983710086377,0.681694261487654,0.00244203912789207,0.00564065156739185,0.0339638249602957,0.00581739716628085,0.210709584905133,0.720034737649451,0.0692556774454157,0.0333777637928447,0.104626784009514,0.0571225875543023,0.00332380232132099,0.0122586472271511,0.0059991046460009,0.00281906925243517,0.00142412494661285,0.000489640028980987,0.00507118862151489,0.040847736052058,0.0102125500586115,0.03643054888722,0.0692556774454157,0.61668965320521,5.11219508073274e-05,0.864340023980639,0.00816422523663057,0.127487360149498,8.39063323195084e-06,0.35896066058833,0.024424929793246,0.0128112700432869,0.0972573550283531,0.494785295985975,0.0117520979275771,8.39063323195084e-06,0.12426540656434,0.87573459343566,0.00466275192488351,0.0962960940082942,0.0081268653229391,0.0212529100897374,0.00142157036631226,0.868022817908442,0.000216990379391212,0.0221732911323788,0.420537082636341,0.0215295815417975,0.0914449894929033,0.349419950578066,0.0794568822021563,0.0151433457382574,0.000294876678099361,5.39617923180824,25.1729699666296,1.31139334862022,1.9153050923374,24588118083.8986,24230,1014779.94568298,0.169628193836059,5303051737.50525,FALSE
"MI",0.388076459280971,0.611923540719029,0.189091366922054,0.081498819256481,0.0319889350493397,0.00459246199370436,0.586132634761642,0.0340810098172816,0.0710880344525443,0.00152673774695214,0.163478566388864,0.773042922080795,0.0634785115303414,0.058423380192162,0.000777757672918876,0.0313846921398609,0.00846509479635364,0.0644276415875684,0.0821334056258582,0.0168311738488241,0.560708182025925,0.0246576032113866,0.0208549158859364,0.0379038588458655,0.00392890358184956,0.0196871887443042,0.0634785115303414,0.00422256496868286,0.00211512534216274,0.676858273102991,0.00380376136601398,0.316475357196574,0.00286260833442095,0.678915920318174,0.244599168049476,0.0246825888366286,0.00868425356487302,0.0392389008785266,0.00101656001790004,0.00286260833442095,0.685329302567112,0.314670697432888,0.0232455606266777,0.636068553745838,0.0303725301458298,0.0238445745623789,0.000883035378505917,0.284373081202168,0.001212664338601,0.0745752054568764,0.100339396665832,0.0822117446211637,0.235315405315104,0.072341424026103,0.403074157417546,0.0315747451582016,0.000567921339172219,11.9110734215586,43.7203237410072,1.89426973349139,2.41713896723646,56821659013.9836,151988,373856.219004024,0.0418197768642017,6449525357.03905,FALSE
"MN",0.494389366537598,0.505610633462402,0.189729316661051,0.0892829982763977,0.229433876613036,0.0130777439476124,0.0190145384409915,0.0684146665002211,0.363448661898527,0.0275981976621641,0.183038520734104,0.667023441934242,0.149938037331654,0.061137567779855,0.0482718214653949,0.0435765373635582,0.0052101067037724,0.0248424874215233,0.0543020083987786,0.180021926409149,0.0156396658781718,0.0319031302644276,0.0612205938103216,0.0136916902340188,0.00736898644864244,0.269134895465372,0.149938037331654,0.0103293563403284,0.0234111886850318,0.680628034990401,0.00549384824002346,0.313703546576708,0.00017457019286748,0.677679250181993,0.115678875186206,0.00951630042060122,0.113198967342222,0.0836467657659228,0.000105270910187524,0.00017457019286748,0.445852552853047,0.554147447146953,0.0217510937782501,0.392425403650398,0.0476425012999589,0.0279400758042843,0.00228473087603791,0.507381803508862,0.000574391082209266,0.0676384389649416,0.15525238760683,0.0806403297798111,0.105431638234357,0.266192195009656,0.27640554313712,0.0474229168271563,0.00101655044012787,11.2301445673301,46.6642577536886,1.38147164014706,2.39687016443233,26052738428.7175,76692,339706.076627517,0.0743272106709089,2121522468.8405,FALSE
"MO",0.205394070793431,0.794605929206569,0.217903258910673,0.0850664970385824,0.0487513092472913,0.0002611502369414,0.011351472371727,0.481831022789452,0.135489426295479,0.0193458631098551,0.149138676584063,0.679704070898531,0.171157252517405,0.0444086129522281,0.0182147126159406,0.0507917387963592,0.00651420403023109,0.0292094081893043,0.0449920898358818,0.0296110046335947,0.00953064933782782,0.0054625205761728,0.445684595303939,0.00971415442840788,0.000723126845108595,0.116519267282023,0.171157252517405,0.000159232800331055,0.0173074298552446,0.772962467024443,0.0114669513038751,0.215475946634543,9.46350371391112e-05,0.515353443224269,0.164188070880142,0.0939971840949417,0.0264113240903001,0.199790148490886,0.000165194182322526,9.46350371391112e-05,0.32749844295726,0.67250155704274,0.00792938734098988,0.275683640645773,0.0100322106241923,0.0319580581085335,0.0111974409206031,0.663102463383256,9.67989766523882e-05,0.0655738709581458,0.0945418403408621,0.0652855984532393,0.0825819113926725,0.0633460106586888,0.604724875655997,0.0226255416621666,0.00132035087822802,5.39444180685974,25.2893982808023,1.4334272992767,2.14712798746163,134263982793.027,205614,652990.471432036,0.0425766439267604,13461344302.4295,FALSE
"MP",0.782728011789016,0.217271988210984,0.214537200527458,0.756857879108651,0.017568977212036,0.00912800840681082,0.0019079347450437,0,0,0,0.988794881723823,0.0112051182761768,0,0.149483596090421,0.0135877493342493,0.644184267634855,0.0109465617859431,0.170592706878354,0.00096267076090045,0,0.00162613708651474,0.00662241542609285,0,0.00187324299960276,0.000120652003066003,0,0,0,0,0.928035862426121,7.79640807156406e-05,0.0718861734931632,0,0.886699781692922,0.0730893386196039,0.0414140448139152,-0.00120316512644071,0,0,0,0.794549633108794,0.205450366891206,0.00921605802303627,0.698621415062651,0.0535107004170998,0.0864767886615899,0,0.151939666474106,0.000235371361517549,0.0386504928241817,0.0722708189462824,0.124409603686742,0.625380177292225,0.118623973749593,0.011913919842545,0.00875101365843095,0,6.38290949205445,7.10975609756098,1.79039696698934,1.73727096487284,51214526.4590007,177,289347.607112998,2.83744093065457,10865672.5294192,TRUE
"MS",0.458924871397795,0.541075128602205,0.0850274420945401,0.157025186800665,0.0397739062816131,0.608419576078337,0.00801920359234936,0.092333399061517,0.00610004882623166,0.00330123726474701,0.294081676972507,0.634227049976437,0.0716912730510557,0.0448401581505295,0.00247630109189981,0.136231366175025,0.0304102698025227,0.0801235817525297,0.0137319649330403,0.00669072715011301,0.0075036554521117,0.000972630753006962,0.0251735199240092,0.0207039692589556,0.00415115638831173,0.00234162045168401,0.0716912730510557,0.552827171803352,0.000130633861852871,0.720520468780082,0.00840712088470521,0.270922881084545,0.000149529250667804,0.42500008763307,0.136029952706716,0.00753268104816451,0.100350027798584,0.330920204658818,1.75169039795506e-05,0.000149529250667804,0.229931085372107,0.770068914627893,0.0107361353255608,0.183277292472846,0.0117211534684881,0.0335067594950524,0.00102268620150604,0.758909252809141,0.0008267202274064,0.0782326075168212,0.0961642795199343,0.058241620493397,0.110463597790587,0.269825820788079,0.379505502018911,0.00621320568511054,0.00135336618715973,5.24028385441494,21.5431456548348,1.41581918674813,2.01715310193188,54040730737.8876,69998,772032.497184028,0.107129123910974,6379241567.05069,FALSE
"MT",0.584383132980463,0.415616867019537,0.349881482593224,0.530117155865436,0.0602483632178199,0.00185218432093086,0.0188735459439144,0.0232439256753346,0.00534488786990213,0.0104384545134382,0.612271495965538,0.347036400240264,0.0406921037941986,0.203239726850314,0.00127748751622373,0.389150920138008,0.00813052425964422,0.0104728372013479,0.151857687875422,0.0361330685516334,0.00579139477547398,0.0234366407806694,0.0211744022396836,0.0191491993831133,0.0837997851380635,0.00460597143356902,0.0406921037941986,0.000617006334579302,0.000471243728055941,0.826215341509083,0.0240118711426352,0.148888610126991,0.000884177221290748,0.813498056218996,0.0681144350945719,0.0863575639466543,0.00229286850870136,0.0288002370475222,5.26619622637528e-05,0.000884177221290748,0.495261527284824,0.504738472715176,0.0188353803600681,0.400604068257768,0.0774313068094199,0.0638204109407562,0.000110164502116692,0.438223857743637,0.000974811386234304,0.145890472508906,0.182185642667721,0.0879844378411211,0.33345592228875,0.105894257884631,0.125187271042428,0.0171174987138086,0.00228449705263467,10.8279399807663,22.4399129961936,1.81307641007164,2.13019789254183,3479887361.51867,24443,142367.44104728,0.129747720824159,343456072.483221,FALSE
"NC",0.752876310291997,0.247123689708002,0.284908265251628,0.52426013980305,0.106311983823073,0.00116833331279118,0.0158479719225582,0.040158322777171,0.019953314104049,0.00739166900567919,0.677157748561885,0.283534068085343,0.0393081833527725,0.150538813602164,0.0231510801051075,0.417200513781902,0.0343864439676425,0.0518808971050688,0.0920688357717409,0.0389411504712042,0.00994969972605501,0.0194379906066567,0.0244015733127742,0.0791250696417351,0.00302287471248136,0.0156599888478401,0.0393081833527725,0.000497983376115184,0.000428901618739989,0.879128797700323,0.0421641546993884,0.0783902320511363,0.000316815549152173,0.875192069129758,0.0461668130677651,0.02891444870546,0.0241673831240512,0.0223737193541622,0.00288565892672447,0.000299907692078988,0.601548409143914,0.398451590856086,0.0461993255921522,0.324001381207527,0.0480665056717916,0.222440091561517,0.00599243949966295,0.351772956805412,0.00152729966193827,0.22849733679348,0.0962699641693659,0.093846264560837,0.345103977233137,0.163739123991601,0.0450239986186036,0.0199544397020887,0.00756489493088711,10.9641051212899,35.1655980948892,1.71536683816462,2.2819023909196,43728307664.3112,209778,208450.398346401,0.0427625399690506,4364901366.18316,FALSE
"ND",0.799386681801713,0.200613318198287,0.23811367832473,0.699621309044687,0.0247121807069306,0.000970860969281929,0.01953726482686,0.01503357974022,0.000716516240553759,0.00129461014673714,0.709616614396144,0.276306155232131,0.0140772303717255,0.0435169940689245,0.00480691844180544,0.642054922821712,0.00906746974351933,0.0101703093201827,0.0548086535104467,0.0111936979748746,0.0191691700975302,0.00166118192421806,0.0131511796113367,0.0305508962677933,0.14521513439894,0.00035619835069466,0.0140772303717255,7.85327710888345e-05,0.00012151032520807,0.972277229187803,0.00249745504474488,0.0252253157674524,0,0.820265125214742,0.0174683329636827,0.154109158104709,-1.15761668005852e-05,0.0069454607640469,0.00122349911962017,0,0.509836130727208,0.490163869272792,0.0164589586929814,0.400064420590826,0.0416348506943214,0.0856355714287976,0.000661884404027057,0.454747406216874,0.000796907972173196,0.185874726313272,0.0798949673894876,0.0900769209454409,0.460878985767017,0.147335110253209,0.021492112741075,0.0139610725012299,0.000486104089267453,9.377556479255,12.9182134570766,1.89832972910201,2.01547949315025,4465284951.60918,24829,179841.514020266,0.130426704553617,464315302.038925,FALSE
"NE",0.721920159297554,0.278079840702446,0.339086322039977,0.271887696660725,0.345255346227181,0.000499332859348924,0.00384341879908866,0.0296022222212121,0.00585773781747725,0.00396792337499034,0.811476659700196,0.123687045002852,0.064836295296952,0.297242970846332,0.00991419339715383,0.217653048062553,0.25075116711314,0.0359152802810179,0.0366800953954555,0.0545765094068658,0.00339528553421873,0.0101248926738061,0.00282694006117974,0.00257838732922858,0.00793185474522743,0.00450260536893765,0.064836295296952,0.000253202028977108,0.000817272458955037,0.63956194111769,0.0468278715060288,0.290061982431782,0.0235482049444994,0.695733498330263,0.0505651086004761,0.0120609000348587,0.203380809156435,0.0146258760644895,8.56028689786669e-05,0.0235482049444994,0.570827235726796,0.429172764273204,0.111857058798809,0.317524419177066,0.0543892704189863,0.104047867104198,0.0342905901190397,0.377149727831706,0.000741066550194758,0.16371612092696,0.193114521935351,0.130435452754661,0.255672682400644,0.207509099289822,0.0320629682411944,0.0161745800058347,0.0013145744455332,6.39228906193509,15.0556237218814,1.47573917782552,1.90880935851247,8928400055.40141,28592,312269.16813799,0.200671800614125,1011917156.40831,FALSE
"NH",0.353793072444326,0.646206927555674,0.151101506844812,0.0719736018164854,0.494082440129755,0.00668671415747695,0.00367734247579174,0.128060319776626,0.124160462041869,0.0202576127571839,0.168296861523519,0.694206820278436,0.137496318198045,0.0909272368336173,0.000615213997951176,0.0289352671783647,0.0307159662707288,0.017103177242857,0.0692910499485973,0.380055163909058,0.00299666550311012,0.00603527472698052,0.123618452365227,0.00783185031820364,0.0131264642751898,0.0708434073043793,0.137496318198045,0.00471142677882784,0.0156970651488625,0.68587978539786,0.0929892860858876,0.220734762262071,0.000396166254182201,0.774052073793526,0.170681039335313,0.0146353073755798,0.0124083084446863,0.0275695739503551,0.000257530846357231,0.000396166254182201,0.627273155945033,0.372726844054967,0.0274167086581338,0.473922296212918,0.0442472727555286,0.086020137926574,0.0377049636525961,0.328749285596888,0.00193933519736108,0.108235264603732,0.140441393926452,0.109417709078378,0.130650699294783,0.114542683157269,0.378558219578823,0.0160275072969251,0.00212652306363846,17.2707299905928,48.0200845665962,1.49852583501011,2.21868585612516,16851494873.4686,48459,347747.474637707,0.102282365148865,1749343178.31887,FALSE
"NJ",0.532968051906912,0.467031948093088,0.432335568111476,0.186109247985009,0.20532018584216,0.022689448901757,0.0156374150369677,0.0435916721793472,0.0474043298843684,0.0469121320589143,0.539066884042942,0.310981791840372,0.149951324116686,0.319486339140641,0.00740453844071074,0.112942773336836,0.0448432450414937,0.054389988083261,0.0858161681759128,0.0873891521265652,0.0162504887004485,0.0091203561026249,0.0339187836522616,0.0224102456689749,0.00619420050471046,0.0336504559489654,0.149951324116686,0.00740104078933035,0.00883090017057801,0.496409549052466,0.230661861616905,0.272677620104379,0.000250969226249668,0.670771756400163,0.135570781671971,0.0284688908879631,0.104796423577077,0.0598827528681454,0.000258531237279758,0.000250863357401043,0.593100195084926,0.406899804915074,0.0224059908129904,0.271736648227156,0.0418636181176274,0.290423234076237,0.00629691421941391,0.366588722424667,0.0006848721219089,0.169393279243053,0.0945410115011041,0.121750662209591,0.186877351385489,0.154559705637561,0.236605310391902,0.032827754146882,0.00344492548441874,7.68581254459754,38.8202572347267,1.52476655641972,2.35365070156459,88281929908.4455,432373,204180.024905453,0.02319487663826,8856877105.50985,FALSE
"NM",0.569663201468421,0.430336798531579,0.362602820358921,0.320781639211644,0.110482799511065,0.000566632260428636,0.0132235596055355,0.0425368944194289,0.0767018778286379,0.0731037768043399,0.577144471089013,0.177750930696198,0.245104598214789,0.232194911304259,0.00652988683917726,0.273178886021914,0.0246464766300009,0.0405943102936623,0.035355325887404,0.0699314484880792,0.0126346309173538,0.00196338220974602,0.0239647940457454,0.0107222160311668,0.00993300864685974,0.0117324530009887,0.245104598214789,0.000220805387906927,0.00129286608094783,0.581629046906241,0.0294773331257323,0.38771428851894,0.00117933144908657,0.57127737894701,0.243508753723734,0.015488947201637,0.160188225681818,0.0070300121491285,0.00132735084758649,0.00117933144908657,0.446925149694713,0.553074850305287,0.0295042704713003,0.312874220365388,0.0393373617009516,0.0982138275859419,0.00296797594772389,0.515318956398953,0.00178338752974221,0.200500933139012,0.167920639093524,0.156287087839234,0.236688371893902,0.130703786568524,0.0861083130190245,0.0169645178058409,0.00482635064093961,9.33674231982748,37.3367888138862,1.53543858291524,2.21624732516423,18759871696.1171,56559,331686.764195215,0.127395468479425,1740295426.93224,FALSE
"NV",0.499841771612744,0.500158228387256,0.295983556996143,0.257820291609655,0.0847888313689359,0.00032901635150071,0.0120139444036079,0.324762795980673,0.020596614770413,0.00370494851907074,0.622310431145288,0.342985190497684,0.0347043783570287,0.186522649677191,0.0544529088989859,0.230685825035496,0.0129437080869651,0.137705339446649,0.0212464758812077,0.0632470456132279,0.00907107724180192,0.00646886587696896,0.21617584864222,0.00315702828473982,0.00531878591077291,0.0171654594836541,0.0347043783570287,9.05125973331417e-05,0.0010440909657571,0.770853813510011,0.0143197761152293,0.213145882530076,0.00168052784468375,0.755213421160842,0.149040685027801,0.00687864446064248,0.0862461464899351,0.000441169065988786,0.000499405950107405,0.00168052784468375,0.650699653442413,0.349300346557587,0.0217968068720374,0.460218032058631,0.0250010349108217,0.0777281565901057,0.0901815739384089,0.324849504319155,0.000224891310840055,0.222766736280856,0.332965954636935,0.0597473805375336,0.154336029756089,0.12131914933141,0.0960815065030686,0.0120602674454804,0.000722975508627784,8.54926287681445,28.2808273667462,1.60648124899825,2.13785788332409,15054797646.9254,30572,492437.447563961,0.18733229050629,1969850744.17623,FALSE
"NY",0.392240625569008,0.607759374430992,0.203982484137662,0.122020444581842,0.269311136919759,0.0634326533335116,0.0126827986584575,0.274517850236328,0.021909313540185,0.0321433185922541,0.247005467211054,0.571092834627511,0.181901698161435,0.0833097320261578,0.0122685951332943,0.0864437175069965,0.0198861773653878,0.0450972451792179,0.0487825390588683,0.219424939535806,0.00867390716698247,0.0647649063360922,0.140840225406433,0.0324765200947046,0.00227296226882358,0.0380447455585831,0.181901698161435,0.0123469508017374,0.00346513839948058,0.699880729575287,0.0139255404917834,0.286102196359961,9.15335729687682e-05,0.696199242212286,0.161457357601591,0.0100043564539063,0.090373767192181,0.0393985199117902,0.00247522305527692,9.15335729687682e-05,0.445660461019619,0.554339538980381,0.0296967040646142,0.339675248792356,0.0529043868985479,0.0665176037077866,0.00851676156043698,0.502356281060838,0.000333013915419957,0.106400899047411,0.120967869973676,0.120350306981014,0.142809640113093,0.141264698218629,0.336255839019602,0.0302053171112299,0.00174542953534498,7.81779801120296,42.3143542103686,1.43268683460617,2.4816618774062,104514896107.235,428989,243630.713391801,0.0233682089397647,10268130805.846,FALSE
"OH",0.490870757358164,0.509129242641836,0.369376704960805,0.126899865304626,0.119506953807637,0.00414068564523673,0.0838336846804963,0.261052822301741,0.0307888833625842,0.00440039993687327,0.326529602516361,0.525005639629072,0.148464757854566,0.168436291371829,0.00458831584998538,0.0676569615742523,0.0584304611340928,0.0274175725862023,0.0766278873091243,0.0402920346454811,0.0843899061385711,0.146239141267433,0.052769056021745,0.0926194310983869,0.0150353931009715,0.012655462293684,0.148464757854566,0.00315132415275757,0.00122600360091753,0.730349776554208,0.0490227388234204,0.220190856324413,0.000436628297958524,0.771983120707621,0.116470412834862,0.025893118732518,0.0777511910937829,0.00723444455485488,0.000231083778402681,0.000436628297958524,0.697061341751475,0.302938658248525,0.061050609182583,0.541380342504688,0.0411186489524383,0.0785290421744791,0.0135914218614523,0.263518133734359,0.000811801589999813,0.102487544196933,0.118617994696715,0.106437592113401,0.187501672398073,0.167243613093107,0.29476244728142,0.0201852353654399,0.00276390085491062,8.65212381507118,36.6568276684556,1.49396266405011,2.31126988953445,81917301529.364,540808,151472.059454305,0.017709279426207,7937170404.29501,FALSE
"OK",0.686779501630521,0.313220498369479,0.405395307058843,0.288163210231277,0.089483335555775,0.0010063596278118,0.0133211849021554,0.123791666416343,0.0675737008474285,0.0112652353603667,0.671473520921069,0.305695547359043,0.0228309317198884,0.181484802976158,0.0247156428041647,0.233533130861005,0.0426096038795803,0.189130340400161,0.0577288341724555,0.0213315446574571,0.00704509206178103,0.0261580067398105,0.040877001954628,0.00825863559583064,0.138811878433285,0.0026492419364332,0.0228309317198884,0.000882726244361144,0.00195258556300042,0.78481922060264,0.128294068191416,0.0867752193387997,0.000111491867145018,0.717985955811197,0.0403536900004508,0.164114108787899,0.0357029674878698,0.0414508440452281,0.000280942000210322,0.000111491867145018,0.649687303858728,0.350312696141272,0.0278136235208015,0.413929629269145,0.0355552473934483,0.203674898309545,0.00328312270597276,0.315017347845106,0.000726130955981065,0.155516239901694,0.105704852907564,0.0813064142386937,0.388537713949013,0.138545133870474,0.109835014162791,0.0151420611439174,0.0054125698258533,10.1480935721893,16.3943588404283,1.91032546580742,2.06511406981325,31237183082.4364,89639,348477.594377853,0.0859640626942806,3135505233.60035,FALSE
"OR",0.526389461486557,0.473610538513443,0.132361080937617,0.383436192480567,0.122770716532691,0.0668065258797134,0.216986972486185,0.012826298129334,0.016368110067733,0.0484441034861601,0.418930892628135,0.492940473773098,0.0881286335987677,0.0356774174880695,0.000566487799192949,0.316923870728539,0.00351211031551348,0.0622510062968201,0.0698926531059506,0.10726757227166,0.214642671125323,0.0169664127320266,0.0128265735679143,0.0338049560535905,0.00846595564712838,0.0135795591300592,0.0881286335987677,0.014896012117303,0.000598108022142003,0.779504811536246,0.00284911153045866,0.217343393605695,0.000302683327600837,0.869807457999378,0.0210553741622929,0.0220385045898314,0.0769686463905437,0.00907149417605193,0.000755839354300965,0.000302683327600837,0.488760071559256,0.511239928440744,0.0564662432138707,0.382610716601285,0.0662284638306331,0.0427878054032938,0.00246684693061588,0.446615610940694,0.00282431307960791,0.103077875697462,0.118466418792561,0.0805746915576709,0.123008705528416,0.29889711642973,0.0735033041056503,0.201353946713858,0.00111794117465147,9.45147485913941,43.5733924611973,1.40649677854715,2.17507960662302,12034781681.3526,54867,219344.627578556,0.0891094811267224,1796715961.20372,FALSE
"PA",0.441501537379579,0.558498462620421,0.28973793788582,0.127497875138294,0.0964065860799335,0.0701892838515846,0.160886293555627,0.165254221762042,0.0537159766141185,0.0363118251125803,0.240231727918483,0.653657434491388,0.106110837590129,0.0777390888086226,0.0317077811486817,0.0835444352678276,0.0294039767091762,0.0178364459841751,0.0575749991415117,0.0455797539955045,0.157971602938383,0.0715145253645609,0.122780755951219,0.123911454363388,0.00371834373653919,0.0453518995704396,0.106110837590129,0.0027616269770389,0.0224924724528035,0.661775543128232,0.0143073976551724,0.323723114702801,0.000193944513794334,0.675196684868128,0.202059749994833,0.0139462189821752,0.0671193222715961,0.0397873728181465,0.0017291466268158,0.000161504438305951,0.510766553007598,0.489233446992402,0.0258253845796929,0.414022778968838,0.0309665051088537,0.0566962715033206,0.0134448340137988,0.458556669980689,0.000487555844806486,0.138729972723936,0.072973749302558,0.108776996497179,0.194844721942377,0.104147870123762,0.361660284603678,0.0164517994362422,0.00241460537026813,8.30603752965475,40.0499627143922,1.49596249960747,2.38193396602552,139286008108.873,900851,154616.033182927,0.0122736345550926,14847971068.2321,FALSE
"PR",0.736739242987196,0.263260757012804,0.612507814839869,0.353152006214014,0.0250930333765422,0.000479742783519794,0.00241182857083884,0.00526882023885141,0.000518325195670468,0.000568428780693862,0.397983179071881,0.600050586764211,0.00196623416390771,0.062777052788646,0.00584988660900899,0.300137885409717,0.0156946482023302,0.0135237060621793,0.0124847546040612,0.00677995830568425,0.00150465496441028,0.000413100133250193,0.00424030889561281,0.510010428024553,0.0641091354326618,0.000291906943337886,0.00196623416390771,6.43366971196114e-05,0.000152002763520071,0.934876504862249,0.00429101535464013,0.0608159095964223,1.65701866888706e-05,0.868820726399162,0.00675649175205092,0.0674511706338427,0.0564143047147932,0.000364621341627379,0.000176114971835145,1.65701866888706e-05,0.686949278844658,0.313050721155342,0.0264614592122724,0.4464800729193,0.029920019560597,0.211809427896929,0.000705775570900506,0.283797654235604,0.000825590604396584,0.136043253845274,0.168358356504132,0.0815839893845219,0.389058743128926,0.202425532798767,0.00934091493302235,0.0122580637720188,0.000931145633337871,8.92370996354773,8.35942818243703,1.85061114404259,1.80257173316064,6621451665.76779,19803,334366.089267676,0.178022154509712,724883337.15344,FALSE
"RI",0.439080987281091,0.560919012718909,0.403464180551942,0.19706865179062,0.220309161666251,0.0203698078571281,0.00233992986293215,0.0634789511986178,0.0499963618984466,0.042972955174063,0.508480969041885,0.383848368076121,0.107670662881994,0.318535488228613,0.00331703709514591,0.148635100019507,0.025112953296748,0.0128803904018705,0.0362085357756548,0.163000922316517,0.00128918248437323,0.00274415243539015,0.0625510388741006,0.0122054459000805,0.00395847073040037,0.0487407284128589,0.107670662881994,0.0121710618654617,0.040978829281284,0.583339506427694,0.00702466313087349,0.408207531077035,0.00142829936439779,0.580399094507978,0.273633051007811,0.00476052650757645,0.0856097704255952,0.0530249228185301,0.00114433536811151,0.00142829936439779,0.540428337930356,0.459571662069644,0.0267038884661365,0.264492914063707,0.0349666289898528,0.239276914480469,0.00760225559115739,0.424731448686233,0.00222594972244403,0.144666216243614,0.0660218022506694,0.214786311495151,0.129181638389691,0.164698426238612,0.258603101886474,0.019628482544993,0.0024140209507956,6.9883513952463,25.8748364587876,1.33834765174568,1.89008058335548,8760819114.89474,36992,236830.101505589,0.182718041567637,838935331.273605,FALSE
"SC",0.632510563362824,0.367489436637176,0.215168974148204,0.198323331892175,0.304845561839729,0.0157855285783931,0.144464828849285,0.0753249047806162,0.0452920539061687,0.000794816005428938,0.557041162645343,0.426960760362421,0.0159980769922357,0.101392735910513,0.0206812216373196,0.156839553933384,0.220263741479769,0.0578639096843577,0.0567653543049114,0.0578075804204867,0.169027559445343,0.0155914017922432,0.0274503048207787,0.0466267436873785,0.00588888165250777,0.0446439406426857,0.0159980769922357,0.00264344854297472,0.000515545053111316,0.68803855839664,0.0201618159175114,0.291250076212165,0.000549549473683967,0.682602183594557,0.245703307687905,0.0278938850787993,0.0175584397094135,0.0241996958676684,0.00149293858797306,0.000549549473683967,0.748615335875628,0.251384664124372,0.0242945692470473,0.549178330473971,0.0290598135097979,0.172084839048312,0.00204713402332704,0.222619929949499,0.000715383748044589,0.2030875044086,0.125706126551992,0.138642226584296,0.241958539986721,0.185497228067448,0.0886103689911071,0.0104038244556954,0.00609418095414078,5.73931239562843,21.7758112094395,1.51648114414686,2.08962694371077,42981966536.0695,203867,210833.369481424,0.0386052489991396,5556433729.80082,FALSE
"SD",0.647078789275114,0.352921210724886,0.0905242415850457,0.522173323425804,0.140514939544513,0.000341878700289148,0.0114559865123761,0.0479601627370358,0.0456391963583094,0.141390271136626,0.481328999131357,0.504414372044182,0.0142566288244614,0.0508794741532651,0.00387906042795515,0.40408097351162,0.00866149966309924,0.0138279913754169,0.111538829405597,0.12743589540254,0.0108081935192733,0.00178794332449103,0.0465657888152912,0.0172472691051756,0.0114734822852114,0.0412553958140248,0.0142566288244614,0.000227803772628056,0.136073770599949,0.976668639177392,0.00196381375840309,0.0201040720429994,0.0012634750212051,0.943539795151274,0.00905617187634925,0.0142567961649427,0.0319191283340329,-2.27821800595793e-05,-1.25843677445937e-05,0.0012634750212051,0.74939212458306,0.25060787541694,0.058793200605261,0.615355934259458,0.0511481828395606,0.0718151326522171,0.000294489499514919,0.20029161090322,0.00230144924076867,0.48237176890514,0.0338773857104852,0.0581622853492878,0.271536540868256,0.0732914337604642,0.0728646253503776,0.00580189320137795,0.00209406685461084,5.29340415134172,12.0418702023726,1.5793296340309,1.93926206982152,5121382076.5296,17998,284552.843456473,0.172293156194141,599804139.922978,FALSE
"TN",0.771353694783458,0.228646305216542,0.694159396264773,0.132547892015136,0.0313340098647248,0.00193596021693351,0.0373420075927744,0.00609595459950319,0.0912013044586751,0.00538347498747978,0.711093518663587,0.276844536030233,0.0120619453061807,0.348648177331808,0.000910147869613295,0.102566627455989,0.0137468338898608,0.245221732116316,0.0287485507932371,0.013430674932475,0.0323936812317743,0.00777981606514835,0.00506236844390337,0.0884677029347034,0.00803920809779246,0.0900625320029785,0.0120619453061807,0.00156691781849299,0.00129308370972726,0.847482039895516,0.0115528851025714,0.14083251744558,0.000132557556332298,0.84529231346258,0.0208157930648005,0.0182013298908663,0.114857036546171,3.01041191906844e-05,0.000670865360059463,0.000132557556332298,0.732030114701503,0.267969885298497,0.0135067540601634,0.239032105657929,0.0236993232346484,0.465573377755986,0.00926096700357297,0.244497945005693,0.00442952728200738,0.267844871146793,0.0591985171259656,0.103980987605168,0.282727140139036,0.20178415699342,0.0700338076720022,0.0139518722361421,0.000478647081473471,7.29854982046989,23.3352941176471,1.64542481511653,2.15837775852267,36140053634.2183,90528,399214.095464589,0.064909782800456,3695057182.61388,FALSE
"TX",0.40654426253721,0.59345573746279,0.252509185910624,0.0977595043262173,0.0838881324486721,0.00221443158409036,0.0588817081431167,0.427231258561811,0.0272013949884092,0.0503143840370592,0.248025181762037,0.618460293079096,0.133514525158866,0.0770415731976931,0.0119840895044039,0.0764239599281188,0.0103234134515738,0.0722521456802475,0.0251694603701269,0.0659210903045369,0.0552525167109528,0.0123947161192017,0.289568164813364,0.0148111588795388,0.0881722742539468,0.0144090746468691,0.133514525158866,0.000933450298671047,0.0518283866818881,0.739488265284059,0.0189133807195325,0.24114978101612,0.000448572980287898,0.543275446184396,0.0627401458412457,0.124134551480214,0.108519839384321,0.159797140894316,0.00108446231829081,0.000448413897215836,0.398156306129994,0.601843693870006,0.0246090202254942,0.300261355499541,0.017560264227594,0.0579091381937566,0.0133192633322811,0.585947048231271,0.00039391029006221,0.0693439989277531,0.10812410760176,0.0590983796483482,0.157632782934833,0.177350073798606,0.407725743922046,0.0187045158190407,0.00202039734761344,8.83383789904191,37.810510816627,1.66931379547677,2.4159962867016,405859098678.893,623396,651045.40080285,0.0237135207248117,41362236592.8416,FALSE
"UT",0.699910042237266,0.300089957762734,0.180204544511639,0.238522212919678,0.148102310388219,0.00201435678846421,0.00304237898795628,0.0426602106217245,0.362484549122247,0.0229694366600718,0.706387708658667,0.225176509410405,0.0684357819309274,0.420190747302918,0.00213420486015511,0.20118417075275,0.0306082087419112,0.0522703770009335,0.0345755612731655,0.102434923461183,0.00154778364074045,0.00550342777003756,0.0295985805341359,0.0067867948627335,0.0253601348821167,0.0151521325719903,0.0684357819309274,0.00149765399101874,0.00271951642328393,0.510897263479833,0.0380246159691126,0.450466372758997,0.000611747792056537,0.456494929846694,0.102690493450922,0.0355569846137117,0.303158430431296,0.101320591374247,0.000173918417840828,0.00060465186528822,0.331587135320789,0.668412864679211,0.0222547136128591,0.238822840965558,0.0248301764463603,0.0648778386171071,0.00434424520549169,0.644552939241283,0.000317245911340872,0.1533695749843,0.119950913043227,0.063677802045809,0.138214466051078,0.407020881438258,0.0950135280202478,0.0156426476923712,0.00711018672470921,5.58152144347207,27.2826797385621,1.40012354718584,2.02593576135675,31811373791.3727,66460,478654.435621016,0.102521057599254,3428854401.03266,FALSE
"VA",0.546683785743249,0.453316214256751,0.432542034214005,0.0962327346589488,0.297092803964823,0.116002762308673,0.012763095724785,0.0199505036761239,0.0171784257502558,0.00823763970238528,0.664972780230177,0.24010224304295,0.0949249767268737,0.303734935215925,0.00976838366515396,0.0689831876361647,0.190218373106052,0.0922679006068811,0.0279280204312142,0.0820411301875716,0.0072669463751795,0.00202670228472454,0.0137871470869513,0.0206244175141414,0.00544128928777813,0.00901098056298123,0.0949249767268737,0.0714039382921504,0.000571671020257431,0.541619445685707,0.105955388372023,0.348305581453848,0.00411958448842161,0.616341662250278,0.202993779278587,0.0257651910029632,0.081373402660434,0.0678910130715568,0.0015161621884959,0.00411878954768555,0.66743437307116,0.33256562692884,0.0882277224629761,0.349523716332151,0.0192894151856691,0.212005328935799,0.0134964696214142,0.314123765596179,0.00333358186581144,0.174342935799647,0.104561598048845,0.167231261498069,0.185922316519951,0.181723993519084,0.162521727143055,0.014885445130941,0.00881072234040658,6.77759563807491,36.3443790647259,1.43830753029225,2.3380405012349,472666196017.811,1091433,433069.364787221,0.019748891871494,44852035253.1893,FALSE
"VI",0.939046075493116,0.0609539245068842,0.641440062816443,0.339859797372566,0.0159680308482236,0.000596626036586091,0.00203692984379686,9.85530823844174e-05,0,0,0.374487720589451,0.625512279410549,0,0.0735243084645717,0.000133797127382633,0.28727973463262,0.00555313404857489,0.0079967463163013,0.0177298480708496,0.00567937380199081,0.00183042542788886,0.000210985582922047,9.85530823844174e-05,0.00395346626821789,0.595969751915008,0,0,3.98752612874056e-05,0,1.00006855610149,0.000512565663120515,-0.000581121764611478,0,0.404600153747469,0,0.595980968017142,-0.000581121764611478,0,0,0,0.68492296455915,0.31507703544085,0.0259287443985441,0.565839628789768,0.0434017903687161,0.0922042351656195,0,0.271691476074908,0.000934125202444386,0.428857879244598,0.0115722118693276,0.0368264650855097,0.488793397632746,0.0213947986157717,0.00665624479578979,0.00366395827788937,0.00223504447836776,27.9596538018012,8.19895287958115,2.26943493190359,1.50920794438088,201694646.466504,978,206231.744853276,0.804330943131916,58826315.4388139,TRUE
"VT",0.429445726607394,0.570554273392606,0.06518623753683,0.113269974804425,0.188412853943414,0.000954873205822929,0.00653840072716586,0.105955379182541,0.46533097283096,0.0543513077688416,0.0764839794384318,0.859548348584852,0.0639676719767161,0.0205343802763207,0.000342822973973841,0.049246881906058,0.000635262039588163,0.00572463224249113,0.0614996934872518,0.182401785015703,0.00598851699040176,0.00601992636159352,0.103803425984431,0.0150906895176214,0.000336795217555032,0.268089526400442,0.0639676719767161,0.000847970044322883,0.215470019565529,0.917841329881942,0.000216379547154454,0.0819236493075682,1.86412633352254e-05,0.916442279201951,0.0519657301117295,0.0023055735375015,0.0241838356227597,0.00488273530103185,0.000201204961690852,1.86412633352254e-05,0.579529851251784,0.420470148748215,0.0518999272653436,0.47598592012653,0.0359068202774289,0.0490013955839861,0.00192401324506437,0.3847860505994,0.000495872902246871,0.036077846240967,0.113595913632355,0.050932617761485,0.0751915650335937,0.31817669666915,0.379661327269115,0.0258275634474021,0.000536469945932344,4.49031341122376,16.9236209335219,1.25784279579947,1.91750000585003,7288096610.21389,22161,328870.385371323,0.131268697859365,906259911.651139,FALSE
"WA",0.578117281172466,0.421882718827534,0.246598285736799,0.203592860907048,0.0703754904272505,0.0377772066141172,0.00565817135746224,0.355090283692397,0.0748507841154893,0.00605691714943716,0.328383208653305,0.559183006162045,0.11243378518465,0.068551874784159,0.0304164741850018,0.168265763543883,0.0118911736327459,0.049257922507515,0.0342047321260035,0.0280479363054802,0.00395929848945088,0.00297318395835954,0.33870267320322,0.0216537592527637,0.10665971218554,0.00888212637119771,0.11243378518465,0.01325440045045,0.0008451838195797,0.744158259249324,0.0148321402392871,0.240835216858932,0.000174383652457018,0.584679577451516,0.0447190925301601,0.119406134831355,0.148068765059736,0.101723528120805,0.00122851835397005,0.000174383652457018,0.430008406172458,0.569991593827542,0.0207580399440173,0.330285868861022,0.029072698131755,0.0754020868271241,0.00239214053666089,0.541777990521242,0.000311175178178698,0.0892878489762359,0.126262835125531,0.0577502846526522,0.210289308741338,0.277973503182389,0.222545374235964,0.0121148493484853,0.00377599573740473,9.7729302023407,39.7887185534591,1.64472410515511,2.30166998889558,77299398727.4688,249349,310004.847532851,0.0362457146057648,9256856176.44939,FALSE
"WI",0.364670240584054,0.635329759415946,0.108279628088036,0.0929929989642477,0.0152535855139625,0.00810561483697521,0.721317390557659,0.00795723364190421,0.045435657987704,0.000657890409510757,0.0972108734531274,0.869089167900725,0.0336999586461479,0.0238712918319515,0.0245820782465457,0.0396157768903138,0.00185920150090279,0.0072825249834136,0.0572262674316078,0.00791878633632369,0.687446215759669,0.0130267575069087,0.00664403854063913,0.0407443588944356,0.00178630783741499,0.0448068398953034,0.0336999586461479,0.00787121479595353,0.00161838090246865,0.975013173023438,0.00143200304387643,0.0235079797732948,4.6844159391115e-05,0.923946617632215,0.0144516606952951,0.0476790350277792,0.005054979989632,0.00866232878794138,0.000177964520932994,2.74133462039755e-05,0.751056181587076,0.248943818412924,0.0115827515531511,0.40945064625072,0.0260516033350109,0.326788174638313,0.00279590639041115,0.223193081745736,0.00013783608665725,0.0622892407650682,0.130453806643905,0.167123225590175,0.187776363758932,0.101975761862478,0.328066106948222,0.0154450282789982,0.006870466152222,6.26213370856783,30.4901758014478,1.36731750215673,2.1560445697382,49021825855.3331,113960,430166.9520475,0.0473298651131715,9087296458.33333,FALSE
"WV",0.604520348005875,0.395479651994126,0.215268145962047,0.436058141199138,0.168815539310477,0.0176183449465696,0.0179700443509305,0.0136204438936271,0.0952387605242984,0.035410579812912,0.575128479550248,0.313536437811985,0.111335082637767,0.13899333964532,0.000520501194169126,0.371553687175819,0.0563600514735163,0.0077009000614234,0.0612760294843767,0.060991112493706,0.00624860021591228,0.0148137493050273,0.00940126684085742,0.0194487960812284,0.0220327249292811,0.0803317929369186,0.111335082637767,0.0126684097628417,0.0263239557618361,0.793451088024227,0.0290554759972226,0.17749343597855,0,0.853215859323653,0.120796352380685,0.0155131358944741,0.00624201414427957,0.00379702085836455,0.000435617398544186,0,0.369324913108429,0.630675086891571,0.0536549473758565,0.243802545323713,0.0667996872578963,0.0678368377764729,0.00321335089031686,0.563954376864223,0.000738254511521125,0.280079131136681,0.0907677583159022,0.16195555057696,0.198745363651036,0.125653708294286,0.120781707504204,0.0192738048874251,0.00274297563350593,10.8009182521531,30.6454698930782,1.49247266975881,2.00807093596555,4311907508.45909,25721,167641.518932355,0.148253542267721,469256542.676677,FALSE
"WY",0.824530987865029,0.175469012134971,0.400132311936959,0.498796649958358,0.038672377725621,0.000616354528749316,0.00509746437618286,0.0228964886594869,0.0295144666219009,0.00427388619274133,0.538340070619651,0.444418642831856,0.0172412865484928,0.0932857212419726,0.00340107550606003,0.395619047103453,0.0211963696785956,0.0248378570895695,0.0548071000497944,0.0146103367785851,0.00150928822377572,0.00439755007903324,0.00622460848991687,0.00287565466266297,0.32983579673449,0.0292130311838703,0.0172412865484928,8.76165277542374e-05,0.000857660101973138,0.917687451973961,0.0197678422128452,0.0623138680770801,0.000230837736113608,0.603253733565633,0.0541023887307104,0.334091544638521,0.00829879800885854,1.52148214081384e-05,7.48249875583932e-06,0.000230837736113608,0.68689858922841,0.31310141077159,0.021617642865657,0.46906390231767,0.0376368570658568,0.192583349823368,1.44766232315235e-05,0.278263744446018,0.00082002685819863,0.113899755092405,0.0678820791799858,0.0662420909340693,0.592691347027703,0.112653397731109,0.0334247855094344,0.0085521141950663,0.00465443033022761,14.7955875803879,17.630534351145,2.30210082900767,2.05848017038669,2198846693.78006,9104,241525.339826457,0.302027986529537,235124208.025592,FALSE
