PoPstateCode,pNoEffComp,pEffComp,pPlatAir,pPlatLand,pPlatFnC,pPlatOther,pPlatMnS,pPlatEnC,pPlatWnA,pPlatVessel,pPSRProducts,pRnD,pPSRServices,pPscAir,pPscLand,pPscOther,pPscRnD,pPscERS,pPscFRSnC,pPscCloth,pPscEngines,pPscPAMS,pPscEnC,pPscMED,pPscFuels,pPscLnM,pPscICT,pPscShips,pPscMnS,pPriceCost,pPriceFixed,pPriceTime,pPriceOther,pFeeFixed,pFeeNone,pFeeEPA,pFeeAward,pFeeEffort,pFeeIncentive,pFeeRedermination,pAward,pIDV,pVehDef,pVehMAC,pVehSAC,pVehFSS,pVehOIDV,pVehPur,pVehBPA,pNoCompOther,pComp1Offer,pNoComp1Source,pComp2Offers,pComp3or4Offers,pComp5pOffers,pNoCompFollowOn,pCompNo.Comp...Unlabeled.,wavOffers,avOffers,lwavOffers,lavOffers,TotalValue,TotalCount,avSize,lavSize,MaxAnnualValue,Exclude,PredFit90,PredLwr90,PredUpr90,PredFit95,PredLwr95,PredUpr95
AK,0.275402093,0.724597907,0.005301318,0.001011069,0.660075646,0.273242131,0.002916369,0.052776224,0.004642855,3.44E-05,0.18159674,0.017935505,0.800467755,0.000988631,0.000523028,0.016592918,0.017935505,0.022634377,0.6211381,0.002323088,0.000172801,0.123702939,0.00910435,0.010133401,0.148215309,0.003450637,0.022858938,6.55E-06,0.000219423,0.093987125,0.902765061,0.003233699,1.41E-05,0.075875711,0.732550159,0.121344231,0.014537965,1.41E-05,0.055677819,0,0.467865238,0.532134762,0.444897058,0.161905975,0.351019932,0.009807092,0.001937607,0.027239923,0.003192413,0.150951484,0.063875675,0.050353382,0.119083661,0.239174015,0.366340231,0.010103596,0.000117956,6.971967201,9.545454545,1.794162899,1.960771138,1489589096,4089,364291.7817,0.1721567,1489589096,FALSE,0.807839186,0.613818485,1.001859887,0.807839186,0.57511924,1.040559132
AL,0.184797339,0.815202661,0.098898958,0.008101812,0.090687943,0.536686526,0.08922983,0.076003617,0.002752832,0.097638481,0.225976618,0.208993326,0.565030056,0.032034048,0.007774699,0.015111813,0.208993326,0.120218262,0.072390943,0.004290239,0.005859294,0.328032232,0.02806325,0.000597875,0.007097949,0.000940035,0.043790744,0.091823369,0.032981923,0.485510664,0.441276533,0.071780535,0.001432268,0.225306168,0.417901267,0.00680459,0.077912849,0.001432268,0.270316409,0.000326448,0.425290722,0.574709278,0.413351562,0.168656705,0.369373341,0.011786414,0.007338667,0.012188935,0.017304375,0.031866892,0.077444696,0.073920107,0.324904001,0.280673679,0.20962498,0.001561441,4.20E-06,4.910285303,45.81957774,1.434801798,2.440825295,8811520050,13019,676820.0361,0.103311302,8811520050,FALSE,0.556262988,0.355775739,0.756750238,0.556262988,0.31578668,0.796739297
AR,0.216068398,0.783931602,0.014628349,0.003440595,0.598226512,0.114358222,0.028983893,0.019419273,0.220409278,0.000533877,0.3118499,0.007121317,0.681028783,0.008434183,0.001515827,0.044750656,0.007121317,0.063421683,0.548572078,0.005445852,0.002164841,0.053215971,0.006757198,0.006876821,0.000717616,0.085594867,0.008942229,0.000461022,0.156007839,0.013838068,0.985603797,0.000558136,0,0.013849704,0.956103262,0.030035318,1.17E-05,0,0,0,0.605207082,0.394792918,0.575440889,0.13032539,0.239606688,0.008370909,0.014900153,0.029766193,0.001589778,0.044585872,0.055178562,0.114874589,0.451563344,0.174025025,0.158343233,0.001429374,0,3.587920085,10.09433962,1.357479484,2.04478589,600389982.6,2235,268630.8647,0.158666927,600389982.6,FALSE,0.79327979,0.596523422,0.990036158,0.79327979,0.557278522,1.029281058
AS,0.112024553,0.887975447,0,0,0.541550862,0.258712569,0,0.199736569,0,0,0.006789957,0,0.993210043,0,0,0,0,0.424825522,0.541550862,0.006789957,0,0.008022963,0,0,0,0,0.018810696,0,0,0,1,0,0,0,0.855066831,0.144933169,0,0,0,0,0.691351759,0.308648241,0.683328796,0.325859042,-0.024000758,0,0,0.008022963,0.006789957,0.117777176,0.018248135,-0.024000758,0.539382875,0.02273353,0.325859042,0,0,6.201808709,5,1.619245604,1.395697289,2385876.638,23,103733.7669,2.252644488,2385876.638,TRUE,0.962135018,0.754121892,1.170148145,0.962135018,0.712631727,1.21163831
AZ,0.815974417,0.184025583,0.318799602,0.023697235,0.052446974,0.087867658,0.381571146,0.066317823,0.069093895,0.000205665,0.760893079,0.084256365,0.154850556,0.310682919,0.00174885,0.014343132,0.084256365,0.035018984,0.040503806,0.003492373,0.024449248,0.060148687,0.026413462,0.002828961,0.000122561,0.043705175,0.016350117,0.000100873,0.335834487,0.257392136,0.7416996,0.000908561,-2.97E-07,0.176519351,0.554548736,0.011543178,0.059359065,-2.97E-07,0.198029967,0,0.8237944,0.1762056,0.815646084,0.046563862,0.104592238,0.004624163,0.014521282,0.012102493,0.001949878,0.052222851,0.018123249,0.743980984,0.060077474,0.080086576,0.043861533,0.001451982,0.000195351,7.680517712,30.83928571,1.52261386,2.290005643,9569521012,11954,800528.7779,0.104013779,9569521012,FALSE,0.245936908,0.044147704,0.447726112,0.245936908,0.003898959,0.487974858
CA,0.502232133,0.497767867,0.150632591,0.007857173,0.130253223,0.394430149,0.16685926,0.089715108,0.014256214,0.045996282,0.380945064,0.13896921,0.480085727,0.099446327,0.006195415,0.027886584,0.13896921,0.100994085,0.104032177,0.06350527,0.005044857,0.149494704,0.038881636,0.104736859,0.020609556,0.005320765,0.020827902,0.017475364,0.096579291,0.443962819,0.553704716,0.001539182,0.000793283,0.325033545,0.433306239,0.019631997,0.033233397,0.000793283,0.18755616,0.00044538,0.547052074,0.452947926,0.522637049,0.106697676,0.283274475,0.014350037,0.041981908,0.027618134,0.00344072,0.067128952,0.061869566,0.370493476,0.21836714,0.145361129,0.134039598,0.002487828,0.00025231,8.974701296,45.80686275,1.486057364,2.714361139,30594020064,101493,301439.7058,0.018844644,30594020064,FALSE,0.482716845,0.28944999,0.6759837,0.482716845,0.250901107,0.714532583
CO,0.617907748,0.382092252,0.003723714,0.002048783,0.133556182,0.621478295,0.131053341,0.086566021,0.018818826,0.002754838,0.097509014,0.168710347,0.733780639,0.002732249,0.00197101,0.019929057,0.168710347,0.47445497,0.117511363,0.002259692,0.000259438,0.116927228,0.028486565,0.005929475,0.011796046,0.011677421,0.018957603,0.002413768,0.015983768,0.268080592,0.729815434,0.001365271,0.000738704,0.100506078,0.711904141,0.011372327,0.102120842,0.000738704,0.073304123,5.38E-05,0.722890004,0.277109996,0.703459901,0.086752235,0.16416593,0.013033603,0.010630497,0.019670764,0.00228707,0.035216485,0.101991677,0.477663116,0.126681866,0.12074567,0.134664717,0.00299676,3.97E-05,6.534707362,43.91897655,1.472285053,2.375986804,5764974237,8094,712252.8092,0.148526976,5764974237,FALSE,0.616048398,0.415876476,0.816220321,0.616048398,0.375950312,0.856146485
CT,0.943777347,0.056222653,0.401817348,0.001196593,0.015095267,0.042394766,0.000871055,0.011234501,0.005455311,0.521935158,0.891347003,0.05676603,0.051886967,0.21399344,0.001064872,0.010584778,0.05676603,0.032703455,0.009791874,0.000862621,0.130204747,0.007794395,0.006847011,0.000291193,0.000547231,0.005495585,0.00130605,0.521600191,0.000146526,0.521688472,0.477432721,0.000880318,-1.51E-06,0.463810843,0.291386871,0.000465508,0.012386867,-1.51E-06,0.231948781,2.64E-06,0.865145176,0.134854824,0.855509051,0.009805117,0.089138447,0.000968624,0.034474048,0.009644306,0.000460407,0.016609222,0.040403017,0.885945012,0.032982931,0.006865507,0.016374215,0.000820653,-5.57E-07,14.7756554,41.26190476,1.319916976,2.327953006,13205781055,13973,945092.7542,0.06502275,13205781055,FALSE,0.243130036,0.035449238,0.450810834,0.243130036,-0.005974642,0.492234713
DC,0.421413843,0.578586157,0.000536108,5.11E-05,0.107578587,0.563473947,0.011171808,0.219009446,0.00047723,0.097701743,0.16871116,0.059682033,0.771606807,0.000530549,2.80E-05,0.010171471,0.059682033,0.024847756,0.08149012,0.02148775,0.00025753,0.498205912,0.042673549,0.00118067,8.64E-07,1.10E-06,0.165882349,0.093537673,2.26E-05,0.42483978,0.545875768,0.021661885,0.007622568,0.28817818,0.589464857,0.007289363,0.019341972,0.007622568,0.08810306,0,0.350676417,0.649323583,0.337057246,0.33072475,0.184637858,0.062142989,0.053916476,0.013659932,0.017860749,0.193800712,0.098411887,0.105483273,0.116126184,0.255818823,0.206641149,0.023716416,1.56E-06,4.804599947,22.4,1.519654574,2.06966557,4191542227,6623,632876.6763,0.208532318,4191542227,FALSE,0.605742236,0.392265413,0.81921906,0.605742236,0.349685462,0.86179901
DE,0.202790755,0.797209245,0.013286992,0.007147195,0.428741893,0.513230041,0.001417285,0.033983192,0.001637683,0.000555719,0.512174409,0.01628978,0.471535811,0.010883049,0.006206871,0.026382915,0.01628978,0.011828321,0.389622864,0.011982372,0.013957872,0.055714821,0.007457653,0.004032226,0.434452301,0.000300413,0.010337579,0.000551997,-1.03E-06,0.01031323,0.98968677,0,0,0.004284717,0.646080208,0.349635075,0,0,0,0,0.113912403,0.886087597,0.074019938,0.28102383,0.586473808,0.015904231,0.000445583,0.039892465,0.002240145,0.08122005,0.0648203,0.046264679,0.033171708,0.286423087,0.47761445,0.010503098,-1.74E-05,14.51603993,50.7265625,2.329555675,2.229948053,402938060.6,1709,235774.1724,0.194906942,402938060.6,FALSE,0.865418078,0.65259162,1.078244536,0.865418078,0.61014139,1.120694766
FL,0.479099407,0.520900593,0.066922489,0.014658129,0.214543021,0.326114821,0.096506763,0.182344279,0.066061476,0.032849021,0.408742303,0.087856157,0.50340154,0.04947828,0.010044163,0.114316659,0.087856157,0.143590056,0.144991249,0.022536771,0.010855979,0.154179352,0.061975787,0.006798103,0.004264138,0.040867502,0.053842781,0.011978513,0.082424511,0.223714332,0.762432192,0.012204268,0.001649208,0.13401647,0.736639607,0.012237372,0.049648382,0.001649208,0.064534524,0.001274438,0.501519386,0.498480614,0.46150383,0.147044108,0.318923109,0.012612744,0.012894624,0.040699211,0.006322373,0.090652262,0.064342962,0.320494399,0.144025252,0.19242911,0.184446231,0.003598212,1.16E-05,7.049168311,37.9628483,1.560398909,2.45396365,9734524047,35755,272256.3011,0.043192868,9734524047,FALSE,0.517685752,0.320238469,0.715133035,0.517685752,0.28085576,0.754515744
GA,0.656515358,0.343484642,0.469749615,0.010536264,0.238178246,0.193746378,0.001413284,0.077984646,0.003651117,0.00474045,0.549946958,0.039330519,0.410722523,0.448765061,0.007798925,0.033758377,0.039330519,0.055625217,0.19781007,0.010423691,0.00989369,0.121643688,0.023413983,0.007010565,0.007770271,0.003350407,0.028632983,0.004419272,0.00035328,0.401176855,0.585352731,0.013199984,0.00027043,0.103713359,0.704250583,0.008040453,0.026343433,0.00027043,0.157381742,0,0.57917641,0.42082359,0.539121196,0.130449581,0.252337865,0.020263288,0.010928582,0.040865749,0.006033739,0.064328042,0.057590548,0.532716798,0.076233675,0.097306338,0.16994463,0.001930428,-5.05E-05,9.3893134,26.96868009,1.711934501,2.37630968,6321264106,17498,361256.3782,0.064168355,6321264106,FALSE,0.329116617,0.128099544,0.53013369,0.329116617,0.088004807,0.570228427
GU,0.080334522,0.919665478,0.001433541,0.00394389,0.814160724,0.142373228,0,0.012505235,0.001027118,0.024556264,0.090715614,5.26E-05,0.909231782,0.000155685,0.000662816,0.016207094,5.26E-05,0.078699826,0.774210693,0.034560343,0.000223838,0.047402408,0.004614419,0.002285109,0.034121306,8.19E-05,0.006633745,1.12E-05,7.70E-05,0.183673439,0.816410331,-8.38E-05,0,-0.000118303,0.810273101,0.006155367,0.183689835,0,0,0,0.348600899,0.651399101,0.32556442,0.468479479,0.172915512,0.004122507,8.85E-05,0.023867759,0.004961794,0.024751311,0.047098673,0.008480656,0.07426618,0.238391958,0.60700734,3.88E-06,0,5.360265501,7.549180328,1.762002585,1.87839183,734173221.3,2981,246284.2071,0.136405621,734173221.3,FALSE,0.871035445,0.661043645,1.081027244,0.871035445,0.619158815,1.122912075
HI,0.278476288,0.721523712,0.000851597,0.000929866,0.606225485,0.224585209,0.006562995,0.082330347,0.004389348,0.074125154,0.114572203,0.02849551,0.856932287,9.29E-05,0.000381696,0.018852157,0.02849551,0.12761613,0.545433937,0.024111178,0.000752395,0.117677063,0.026346014,0.018909311,0.040726243,9.96E-05,0.047295847,0.003132683,7.72E-05,0.126651085,0.868540134,0.002235722,0.002573058,0.041053733,0.846246749,0.009951681,0.086167195,0.002573058,0.008381872,0.005625711,0.41050072,0.58949928,0.363875699,0.287036724,0.234741937,0.015466492,0.041700466,0.047020902,0.01015778,0.124888763,0.11491162,0.036184442,0.126784187,0.251168465,0.343571061,0.000381765,0.002109697,9.060144258,29.30421687,1.676177157,2.243412859,2128820426,9402,226422.0832,0.086404003,2128820426,FALSE,0.830865196,0.63482707,1.026903322,0.830865196,0.595725431,1.066004961
IA,0.674341874,0.325658126,0.443063025,0.001763877,0.137942459,0.162084713,0.000345767,0.188646397,0.065422311,0.000731451,0.726892621,0.081169637,0.191937742,0.437007641,0.001251633,0.079637064,0.081169637,0.025039805,0.083693978,0.001301816,0.009808816,0.074022753,0.150141939,0.000111715,0.000443192,0.046184455,0.009069491,0.000720244,0.000395821,0.241112798,0.753384879,0.005416096,8.62E-05,0.16127029,0.744872843,0.001622069,0.000514564,8.62E-05,0.091634008,0,0.47264498,0.52735502,0.437130226,0.166366059,0.317287186,0.017128075,0.023546146,0.035517794,0.003024513,0.037047921,0.053182917,0.584205593,0.154726827,0.116733044,0.054198255,-1.60E-05,-7.85E-05,17.9978351,31.92134831,1.475635605,2.029244609,1101085706,3326,331054.0307,0.150407973,1101085706,FALSE,0.288254186,0.088427891,0.488080482,0.288254186,0.048570666,0.527937707
ID,0.229738904,0.770261096,0.012825688,0.013939405,0.464720018,0.42636093,3.09E-05,0.075119857,0.000581381,0.006421812,0.384288616,0.049450661,0.566260723,0.005601981,0.010624727,0.047204175,0.049450661,0.036768957,0.41550611,0.024794469,0.002413472,0.106418421,0.035305828,0.002739936,0.253054024,-8.09E-05,0.004827299,0.003753083,0.001617755,0.044555999,0.955453723,-9.72E-06,0,0.04424256,0.72466167,0.23109577,0,0,0,0,0.4348428,0.5651572,0.35794524,0.146819367,0.374527227,0.031251332,0.001869694,0.082207974,0.005379167,0.110219762,0.099610092,0.019088299,0.096473237,0.270909754,0.402878106,0.000648504,0.000172246,15.18124946,13,2.138294071,2.072467967,158860293.2,2197,72307.82574,0.169404053,158860293.2,FALSE,0.745883768,0.551190983,0.940576553,0.745883768,0.512357685,0.979409852
IL,0.391635728,0.608364272,0.133107333,0.054623535,0.248383545,0.304305869,0.001023333,0.196989535,0.051290326,0.010276523,0.556857985,0.116892722,0.326249293,0.124550956,0.040570489,0.098446581,0.116892722,0.028448267,0.15162489,0.114518153,0.02021413,0.063017627,0.099629608,0.007374822,0.000469128,0.048158086,0.075783688,0.009973016,0.000327837,0.198873752,0.782739548,0.01838674,-4.04E-08,0.157753837,0.769916461,0.0335242,0.03508692,-4.04E-08,0.003775986,-5.74E-05,0.343636358,0.656363642,0.314117616,0.145819382,0.395885936,0.041751365,0.043126132,0.036161751,0.023137818,0.071817402,0.075557763,0.23493025,0.322129614,0.134227826,0.152006833,0.009272986,5.73E-05,5.774418187,34.57718121,1.40196818,2.388844056,4288977290,55636,77089.96495,0.018252156,4288977290,FALSE,0.514459347,0.316178805,0.71273989,0.514459347,0.276629895,0.7522888
IN,0.593102507,0.406897493,0.306620164,0.105804958,0.079347061,0.325708028,0.010653906,0.154010652,0.016903223,0.000952007,0.693792504,0.049988477,0.256219019,0.171640272,0.097996344,0.044131072,0.049988477,0.021744522,0.043305273,0.04202163,0.133881545,0.162488552,0.103301422,0.003483429,0.079725413,0.010534473,0.025197245,0.000242804,0.010317529,0.161671241,0.83405136,0.003064818,0.001212581,0.111000119,0.771833232,0.071128124,0.000471066,0.001212581,0.044227739,0.000127139,0.290766091,0.709233909,0.253680028,0.132408915,0.50003716,0.017626761,0.041284031,0.037995697,0.016967408,0.034934782,0.13482128,0.424393492,0.083086977,0.156377587,0.167432928,-0.001047047,0,7.627106587,24.66567164,1.621881454,2.200212749,2463341563,12013,205056.3192,0.079819585,2463341563,FALSE,0.498993314,0.293394137,0.704592492,0.498993314,0.252385456,0.745601172
KS,0.535073333,0.464926667,0.462060333,0.002628114,0.308067002,0.19044493,0.001541399,0.027278644,0.007080531,0.000899046,0.397105092,0.005810868,0.59708404,0.306830011,0.002352748,0.025720269,0.005810868,0.189398212,0.274659791,0.033862598,0.005157758,0.121158141,0.016489686,0.007816778,0.000316571,0.005433499,0.004051118,0.000898564,4.34E-05,0.10399818,0.890473203,0.005528617,0,0.030081211,0.892325787,0.000726143,0.036752155,0,0.031173927,0.008940776,0.449667649,0.550332351,0.411887932,0.076070766,0.450667836,0.014345679,0.004898981,0.037773834,0.004354971,0.15205218,0.026738947,0.354839667,0.112236772,0.087742594,0.264947301,0.001442539,0,6.154099728,18.06465517,1.687186749,2.192153371,1554604995,6187,251269.5968,0.111176174,1554604995,FALSE,0.544027526,0.343089924,0.744965127,0.544027526,0.303011038,0.785044013
KY,0.115273152,0.884726848,0.033589312,0.001218002,0.171266372,0.721361184,0.0024852,0.029446697,0.03604747,0.004585762,0.12377549,0.005022256,0.871202254,0.020365448,0.000756391,0.02077997,0.005022256,0.019793708,0.152249898,0.015214735,0.000728067,0.104632816,0.025078113,0.591686656,0.000762515,0.033303599,0.002839176,0.004508096,0.002278556,0.746818909,0.252968912,0.000212178,0,0.658860569,0.252522781,0.001122642,-2.21E-05,0,0.087516122,0,0.785482701,0.214517299,0.774535225,0.045919769,0.153797297,0.004291023,0.008214938,0.011730098,0.00151165,0.036735339,0.017493404,0.060596485,0.620464919,0.165077369,0.09918456,0.000187219,0.000260704,3.612874203,22.15789474,1.317501137,2.227753862,5972337025,6775,881525.7602,0.1137969,5972337025,FALSE,0.830666478,0.615597734,1.045735222,0.830666478,0.572700259,1.088632696
LA,0.198324948,0.801675052,0.001085724,0.029658164,0.611756543,0.241236566,6.43E-05,0.045706773,0.002523416,0.067968544,0.244498569,0.002680121,0.752821311,0.000602979,0.026587053,0.041814148,0.002680121,0.06180547,0.555964476,0.002048209,0.003516254,0.099105684,0.010079633,0.00671181,0.100143093,0.001454778,0.029233871,0.058101888,0.000150534,0.067209524,0.930320588,0.001569689,0.0009002,0.036177984,0.88965526,0.014529601,0.029727455,0.0009002,0.029003683,5.82E-06,0.656484492,0.343515508,0.619363669,0.071152813,0.258219315,0.006373976,0.005677082,0.037349645,0.0018635,0.093345201,0.057153143,0.045165919,0.109009247,0.236708136,0.455957669,0.002664584,-3.90E-06,8.321905941,22.2155477,1.905091282,2.289757447,2076684067,7887,263304.687,0.089846594,2076684067,FALSE,0.751465283,0.555399217,0.947531348,0.751465283,0.516292005,0.98663856
MA,0.805066399,0.194933601,0.114227855,0.003319641,0.049469248,0.259335801,0.17696202,0.296123913,0.094975389,0.005586133,0.512901935,0.295269344,0.191828721,0.010646761,0.000902633,0.016053414,0.295269344,0.019716952,0.031555047,0.009713776,0.105479737,0.118390862,0.181865117,0.017067062,0.001264641,0.091633614,0.005098799,0.003961675,0.091380567,0.397478106,0.574516185,0.002333543,0.025672166,0.194333339,0.660308306,0.003615707,0.020878138,0.025672166,0.09494901,0.000243332,0.683459203,0.316540797,0.665656187,0.023653493,0.267532552,0.007894663,0.01482873,0.017848737,0.002585639,0.27344404,0.12088687,0.410061287,0.050603971,0.061693538,0.082636093,0.000674244,-4.20E-08,16.5523002,56.66,1.440293041,2.706957907,9433326756,15707,600581.063,0.090257185,9433326756,FALSE,0.384911044,0.183247667,0.586574421,0.384911044,0.143024019,0.626798069
MD,0.444741218,0.555258782,0.08152266,-0.000506247,0.172620561,0.409195088,0.007780503,0.259901761,0.00915555,0.060330124,0.243200742,0.152480695,0.604318563,0.045844352,0.000899895,0.035308719,0.152480695,0.05303675,0.128090489,0.008653476,0.001277219,0.254476493,0.083923617,0.046383372,0.000671646,0.003632835,0.122331458,0.059637659,0.003351325,0.392908986,0.585609402,0.014855818,0.006625794,0.345734218,0.548550105,0.001308018,0.01442401,0.006625794,0.082891835,0.000466019,0.411120482,0.588879518,0.378486291,0.257410314,0.242952764,0.031823142,0.0472767,0.032973356,0.009077433,0.114334391,0.122965711,0.196010486,0.199564103,0.155540196,0.200154483,0.011107598,0.000323032,9.084343088,37.49081365,1.473366949,2.454781364,12940015359,31211,414597.9097,0.059728325,12940015359,FALSE,0.556294927,0.363838302,0.748751552,0.556294927,0.325451027,0.787138827
ME,0.367253342,0.632746658,0.007619276,0.000634589,0.099201805,0.267137293,0.016592617,0.013879884,0.003780981,0.591153553,0.571570975,0.001160006,0.427269019,0.007517094,0.000326551,0.006721252,0.001160006,0.080059027,0.082327226,0.011006561,0.001212831,0.017954613,0.007416085,0.2418081,5.85E-05,0.017737856,0.005120053,0.516967143,0.002607063,0.141758038,0.858170616,7.13E-05,0,0.036334401,0.411630242,0.000462522,0.105424138,0,0.446148698,0,0.852302454,0.147697546,0.841015426,0.048305997,0.06413753,0.002056732,0.031888459,0.011592452,0.001003403,0.231795501,0.014877108,0.120130936,0.549013799,0.039710258,0.044022602,0.000449797,0,2.56189035,10.51937984,1.1874077,1.838211328,1421632674,1547,918961.0047,0.299034208,1421632674,FALSE,0.535441297,0.328287636,0.742594958,0.535441297,0.286968899,0.783913695
MI,0.675907691,0.324092309,0.026207997,0.541062595,0.150308198,0.204490232,0.001330806,0.042396311,0.032350505,0.001853357,0.729676432,0.080767114,0.189556453,0.017232078,0.489030851,0.141203115,0.080767114,0.045146064,0.046222326,0.030105613,0.020711622,0.082651096,0.017595943,0.000958577,0.007760486,0.00475967,0.01457839,0.000953797,0.000323256,0.419059488,0.572186361,0.000166259,0.008587892,0.329982761,0.491608039,0.011384883,5.06E-06,0.008587892,0.157468693,0.000962673,0.421041121,0.578958879,0.36838176,0.050573661,0.493586839,0.019607416,0.003162212,0.052694001,0.011994111,0.133439772,0.032619514,0.510512209,0.089067554,0.149140519,0.085884236,0.001108079,-0.001771884,14.53444023,45.02139037,1.6310181,2.519435343,2432583004,11539,210814.0223,0.048158625,2432583004,FALSE,0.417282077,0.204782576,0.629781577,0.417282077,0.162397561,0.672166592
MN,0.109368641,0.890631359,0.00514469,0.002675319,0.018739452,0.803185456,0.008433799,0.050776522,0.110412885,0.000631877,0.188447702,0.024609135,0.786943163,0.003348608,0.002338215,0.010883957,0.024609135,0.002626083,0.008723878,0.007480826,0.032036466,0.003308744,0.013685818,0.770977426,0.000792759,0.10963697,0.001307031,0.000499987,0.007744096,0.832703562,0.167196077,-0.000219366,0.000319726,0.810667926,0.150618243,0.008456665,0.012235038,0.000319726,0.01680762,0.000894782,0.887505072,0.112494928,0.871636062,0.045586843,0.05968508,0.003429699,0.002872136,0.015870818,0.000919362,0.018874913,0.012772839,0.066991444,0.827106406,0.010073605,0.053451347,0.010720199,9.25E-06,8.324003914,30.45614035,1.18874064,2.273826418,3853424503,4801,802629.557,0.117094427,3853424503,FALSE,0.925485747,0.689662053,1.16130944,0.925485747,0.64262481,1.208346684
MO,0.711756642,0.288243358,0.573815495,0.004092841,0.097726687,0.189543299,0.013430582,0.046733003,0.07347863,0.001179463,0.716498993,0.013484248,0.270016759,0.560565345,0.003078932,0.029830759,0.013484248,0.060596061,0.064236432,0.003788046,0.008025531,0.039204026,0.031783914,0.102009799,0.000657786,0.061088845,0.003970441,0.000304073,0.017375763,0.104054912,0.895155562,0.000683722,0.000105804,0.069080977,0.464832344,0.031632454,0.004549927,0.000105804,0.429798494,0,0.612620745,0.387379255,0.600008962,0.057779349,0.246688651,0.003190821,0.07810846,0.013398722,0.000825035,0.152311902,0.045495265,0.51365126,0.087579882,0.04623719,0.154426286,0.000298214,0,5.500105083,21.53631285,1.548784988,2.194047173,7023922827,16986,413512.4707,0.056783255,7023922827,FALSE,0.338882992,0.136346419,0.541419564,0.338882992,0.095948604,0.581817379
MP,0.507194718,0.492805282,0,0,0.116322945,0.790748645,0,0.040141339,0,0.052787071,0.415888556,0,0.584111444,0,0,0.415888556,0,0.14372023,-0.133256229,0,0,0.533506104,0,0,0,0,0.040141339,0,0,0.090652106,0.909347894,0,0,0.090652106,0.909347894,0,0,0,0,0,0.472829083,0.527170917,0.04397384,0.602828193,-0.108614532,0,0,0.428855243,0.032957256,0.013065009,0.396431744,0.097697965,0.089243727,0,0.403561555,0,0,7.99396614,6.363636364,1.765811157,1.511009858,457956.8182,22,20816.21901,1.74332862,457956.8182,TRUE,0.393718833,0.014005739,0.773431928,0.393718833,-0.061731592,0.849169259
MS,0.292404914,0.707595086,0.285099999,0.001738101,0.130139343,0.070704508,-0.000812786,0.092930947,0.000714813,0.419485076,0.504024071,0.014735922,0.481240007,0.017079981,0.001116203,0.01780165,0.014735922,0.285944838,0.110001923,0.018057984,0.002895586,0.034865979,0.043541425,0.002693693,0.000306246,0.000545082,0.047733574,0.402607872,7.20E-05,0.120111554,0.87990863,-0.000351628,0.000331444,0.071524407,0.559863198,0.003980836,0.043509193,0.000331444,0.320790922,0,0.638723366,0.361276634,0.623151295,0.038050251,0.272239576,0.008141297,0.033328775,0.01572014,0.009368667,0.057431948,0.020718378,0.214076271,0.439853356,0.127136567,0.140605162,0.000133104,4.52E-05,3.537983392,14.10074627,1.361901087,2.037410133,2270045907,4839,469114.6739,0.160522043,2270045907,FALSE,0.526526772,0.33281752,0.720236024,0.526526772,0.294180396,0.758873148
MT,0.427421413,0.572578587,0.014798701,0.013004999,0.477591288,0.424554647,0.00092284,0.066005872,0.001740695,0.001380958,0.315291989,0.025502951,0.659205061,0.013230846,0.012371096,0.123546082,0.025502951,0.006840976,0.357733222,0.010083322,0.003828005,0.276013796,0.047439648,0.009024618,0.102686385,0.000853208,0.009592449,0.000974314,0.000279084,0.119212266,0.88031084,0.000476893,0,0.040981438,0.867645411,0.094019854,2.94E-05,0,-0.00267608,0,0.440812537,0.559187463,0.331532085,0.113825902,0.41512478,0.016020551,0.00016855,0.109349379,0.013978752,0.199588124,0.155436304,0.071185811,0.069624298,0.205056229,0.29789806,0.001211174,0,13.91819856,19.6,1.69993878,2.117060253,203762723.6,2172,93813.40864,0.150735274,203762723.6,FALSE,0.632780843,0.426632629,0.838929057,0.632780843,0.385514438,0.880047248
NC,0.213881807,0.786118193,0.022605002,0.006289764,0.507289927,0.339517314,0.004227458,0.111087347,0.003960281,0.005022908,0.178775124,0.05530911,0.765915767,0.018246041,0.004163578,0.050428021,0.05530911,0.051493994,0.429236321,0.052390326,0.009538257,0.181459831,0.036399123,0.046986359,0.001182493,0.003012064,0.056739262,0.003071568,0.000343652,0.144680266,0.837469861,0.01766937,0.000180503,0.110312226,0.862368543,0.00840305,0.006175378,6.13E-05,0.012278865,0.000400656,0.344131776,0.655868224,0.289083062,0.305077073,0.296969687,0.03411351,0.00648438,0.055042938,0.013229349,0.083302841,0.065522544,0.046079233,0.123705546,0.289000978,0.373411668,0.018612257,0.000364932,8.829372076,40.1958042,1.746066508,2.491944252,2489014204,12582,197823.4147,0.074467819,2489014204,FALSE,0.750557454,0.557784518,0.943330391,0.750557454,0.519334152,0.981780757
ND,0.121327898,0.878672102,0.00686477,0.010759283,0.772108359,0.135569372,4.69E-05,0.074332744,0.000306231,1.23E-05,0.138586236,0.005243014,0.856170751,0.006039417,0.010336057,0.038082432,0.005243014,0.043148528,0.721125467,0.067101033,0.003921281,0.061866624,0.009417769,0.005199494,0.003417075,0.000191506,0.024830638,0,7.97E-05,0.01915719,0.980332711,0.000510099,0,0.01762381,0.938281338,0.004165462,0,0,0,0.03992939,0.574978762,0.425021238,0.537143484,0.129111077,0.297394432,-0.013027042,0.006017598,0.037836912,0.005523538,0.054932838,0.051542685,0.013762349,0.217084815,0.233522188,0.428065099,0.00107794,1.21E-05,5.958765816,9.462121212,1.713454746,1.978021898,221242002.2,2008,110180.28,0.150419673,221242002.2,FALSE,0.880005033,0.68172538,1.078284686,0.880005033,0.642176648,1.117833419
NE,0.246516989,0.753483011,0.081122832,0.000940443,0.377455689,0.182958864,0.001319962,0.353406166,0.002435994,0.00036005,0.155075203,0.026149531,0.818775266,0.033878404,0.000807466,0.010151656,0.026149531,0.054851724,0.350866622,0.001157055,0.000159958,0.168779701,0.106565906,0.015788071,0.00070678,6.38E-05,0.228489148,0.001358592,0.000225592,0.229862493,0.706261287,0.004100775,0.059775445,0.003473218,0.71396948,0.002401622,0.182075015,0.059775445,0.03830522,0,0.46236809,0.53763191,0.431510149,0.224486065,0.242834989,0.015483364,0.044748206,0.03699329,0.003943937,0.081469727,0.090309635,0.070088303,0.120779822,0.154962697,0.477740492,0.004388132,0.000261191,4.799147675,13.48,1.618762042,1.869484295,646780505.7,2230,290036.1012,0.345789443,646780505.7,FALSE,0.684697837,0.48746618,0.881929494,0.684697837,0.44812648,0.921269194
NH,0.653035416,0.346964584,0.094937936,0.00172977,0.078420143,0.159025432,0.006682719,0.544592323,0.111119763,0.003491914,0.763451942,0.111104302,0.125443756,0.103967209,0.001715847,0.037134708,0.111104302,0.007659556,0.033051543,0.004690387,0.005070566,0.071236648,0.491879514,0.000117166,0.019648485,0.058621552,0.013378842,0.000773647,0.039950027,0.222528867,0.773552303,0.003944548,-2.57E-05,0.212204332,0.759022874,0.019458986,0.000139353,-2.57E-05,0.009200174,0,0.331151906,0.668848094,0.281277289,0.117094232,0.334205361,0.014527963,0.198316544,0.049880693,0.004697918,0.173554189,0.143444747,0.33553223,0.065604548,0.13212001,0.149240026,0.00050425,0,18.53847409,43.95719844,1.557918309,2.376869855,1131455659,4103,275763.0171,0.131057127,1131455659,FALSE,0.453356342,0.248127894,0.65858479,0.453356342,0.207193159,0.699519525
NJ,0.478097365,0.521902635,0.05151411,0.015429246,0.192234574,0.279977685,0.057593411,0.295986296,0.099993802,0.007270875,0.42454648,0.208959445,0.366494075,0.025344982,0.033905143,0.102178727,0.208959445,0.017173268,0.111992443,0.012641605,0.007097458,0.135568903,0.136080807,0.06273508,0.001282757,0.099074072,0.039024381,0.006336612,0.000604317,0.343969784,0.665467114,-0.009605719,0.000168821,0.233656726,0.494991594,0.016747818,0.01829749,0.000168821,0.236137551,0,0.623609283,0.376390717,0.557625299,0.167415213,0.181070293,0.008613987,0.015280461,0.066124435,0.003870312,0.077887235,0.071641896,0.320996626,0.189721935,0.158194743,0.173985958,0.006011051,0.001560557,8.302421261,35.96581197,1.473848296,2.39582703,5533616034,44082,125530.0584,0.026987476,5533616034,FALSE,0.413020598,0.21417915,0.611862045,0.413020598,0.174518362,0.651522833
NM,0.30807513,0.69192487,0.042751541,0.017341532,0.392625326,0.380892619,0.0451937,0.066598825,0.053783115,0.000813342,0.090915056,0.205068445,0.704016499,0.021676141,0.017027918,0.025710729,0.205068445,0.064964348,0.352674271,0.001047423,0.001038371,0.249281715,0.019100243,0.010320887,0.002708122,0.002169716,0.026775278,0.000167151,0.000269242,0.338075439,0.658870117,0.002169681,0.000884764,0.222168451,0.65719014,0.009320859,0.099773004,0.000884764,0.010675382,-1.26E-05,0.511500195,0.488499805,0.471626146,0.199044714,0.249952109,0.016405413,0.012234189,0.040343772,0.010393656,0.142057437,0.111865331,0.053327713,0.104651309,0.313673178,0.273600383,0.000794545,3.01E-05,11.51029524,34.69369369,1.647694222,2.339534214,1262429036,4118,306563.6319,0.22721069,1262429036,FALSE,0.589093126,0.395942435,0.782243816,0.589093126,0.357416721,0.82076953
NV,0.58989195,0.41010805,0.194483855,0.009088866,0.203607174,0.489403388,0.000114157,0.094912588,0.00809525,0.000294723,0.248396486,0.03863773,0.712965785,0.122845079,0.002576587,0.012879399,0.03863773,0.077530414,0.186655393,0.003104325,0.002606162,0.403919461,0.074059619,0.026349546,0.023176377,0.005665009,0.018510971,0.0001534,0.001330528,0.386190561,0.604579283,0.002228827,0.007001329,0.361594383,0.593256418,0.023103245,0.015044626,0.007001329,0,0,0.203319624,0.796680376,0.181536731,0.131344361,0.247606788,0.007870598,0.405751887,0.021786648,0.004102986,0.406232036,0.021240303,0.162176039,0.042582137,0.236329997,0.131195915,0.000243572,0,9.920805565,24.58549223,1.790972191,2.147604901,1273454534,2689,473579.2242,0.26514144,1273454534,FALSE,0.579423995,0.375369792,0.783478199,0.579423995,0.33466927,0.82417872
NY,0.679085899,0.320914101,0.346135028,0.008081617,0.148567072,0.189890051,0.011774972,0.280353035,0.010079758,0.005118467,0.526818193,0.227037277,0.24614453,0.163813781,0.005584824,0.063217157,0.227037277,0.027104078,0.104332676,0.013225984,0.012142961,0.08548456,0.247645527,0.019055627,0.000273271,0.006891139,0.010167591,0.003339162,0.010684387,0.157418255,0.839958849,0.002565492,5.74E-05,0.072937473,0.84033128,0.004213386,0.035327882,5.74E-05,0.047132575,0,0.593407418,0.406592582,0.512242002,0.052312091,0.294514039,0.011778858,0.046196519,0.081317567,0.001638924,0.160584933,0.094094735,0.421445286,0.069767677,0.13462554,0.116520885,0.002805691,0.000155253,8.514492819,46.7027027,1.476855068,2.594478953,6218712348,39207,158612.2975,0.02801755,6218712348,FALSE,0.353526335,0.160266258,0.546786412,0.353526335,0.121718726,0.585333943
OH,0.332299172,0.667700828,0.292569289,0.037039272,0.10464219,0.386357179,0.006681817,0.122947258,0.042968652,0.006794344,0.591976372,0.151568616,0.256455011,0.042918986,0.033728678,0.072034191,0.151568616,0.028379645,0.065177313,0.176532334,0.208094619,0.09780999,0.035730971,0.002619501,0.003344994,0.011773448,0.062468562,0.006642241,0.00117591,0.234552243,0.75966313,0.005888063,-0.000103436,0.161869518,0.788960124,0.004785244,0.028960266,-0.000103436,0.015528285,0,0.251696225,0.748303775,0.193820044,0.089746075,0.596064508,0.018332852,0.038650989,0.058119973,0.00526556,0.05800531,0.10605328,0.166903271,0.285551948,0.14757629,0.23457259,0.001436377,-9.91E-05,4.984739689,42.31060606,1.40760017,2.465516345,4491815790,58201,77177.63939,0.018382701,4491815790,FALSE,0.531253975,0.308655328,0.753852621,0.531253975,0.264255944,0.798252005
OK,0.408569288,0.591430712,0.213771039,0.015890529,0.353183372,0.310671796,0.001574907,0.070204259,0.034571959,0.00013214,0.178632708,0.005743903,0.815623389,0.086175568,0.011753702,0.038576084,0.005743903,0.248707921,0.303510055,0.008180849,0.008179222,0.210051701,0.017570949,0.006070822,0.004220899,0.003179561,0.047282889,0.000153399,0.000642476,0.101471198,0.870659655,0.027869146,0,0.069262331,0.838495003,0.005070686,0.031494349,0,0.055677632,0,0.441681794,0.558318206,0.407330123,0.216960991,0.31116056,0.014856381,0.010392363,0.03538239,0.003917192,0.140581886,0.045816976,0.214877425,0.101749766,0.103278788,0.386402158,0.003507045,0.003785957,7.378742466,13.76245211,1.830200198,2.049246209,1833759982,7155,256290.7033,0.121149082,1833759982,FALSE,0.68618849,0.489374786,0.883002194,0.68618849,0.450118451,0.922258529
OR,0.463255842,0.536744158,0.081399285,0.010718847,0.272313736,0.176871092,-0.016470453,0.219927209,0.036049053,0.219191231,0.536195467,0.027781844,0.436022689,0.076834634,0.01133512,0.05088481,0.027781844,0.150207097,0.220418533,0.048671005,0.015191011,0.054739507,0.199801676,0.00291956,0.022755892,0.009988272,0.007737991,0.100544153,0.000188895,0.115314304,0.884711734,-2.60E-05,0,0.043244369,0.925254705,0.021541484,1.78E-05,0,0.010047144,-0.000105482,0.52578762,0.47421238,0.462763025,0.028563335,0.368695453,0.030641102,0.007249187,0.063335142,0.038752756,0.077068541,0.063520128,0.28725496,0.189130812,0.131354313,0.216259033,0.000590746,0.034821466,21.63855929,50.00518135,1.627290914,2.378265868,573647830.7,3124,183626.0662,0.186671342,573647830.7,FALSE,0.603325648,0.41224381,0.794407486,0.603325648,0.374130748,0.832520548
PA,0.409590405,0.590409595,0.10664535,0.077819842,0.087784151,0.27672101,0.090095992,0.084344379,0.061237244,0.215352033,0.770009331,0.060141935,0.169848734,0.103696513,0.076649697,0.043245675,0.060141935,0.006737417,0.05929446,0.154538185,0.210895663,0.047585859,0.029982124,0.024801837,0.001152228,0.058877496,0.031429162,0.003366993,0.087604756,0.424276726,0.571957987,0.003708204,5.71E-05,0.317943763,0.555818418,0.007596935,0.011686852,5.71E-05,0.106896949,0,0.633104321,0.366895679,0.59883852,0.045371012,0.287197232,0.013170052,0.017670701,0.03489349,0.002858993,0.035959929,0.056807319,0.314600507,0.167228084,0.202388965,0.220792546,0.001668572,0.000554078,9.541051176,51.59124088,1.502342579,2.553361501,10152185286,105186,96516.50681,0.01190508,10152185286,FALSE,0.4589753,0.240064469,0.677886131,0.4589753,0.196400654,0.721549945
PR,0.169170804,0.830829196,0.000148213,0.00037326,0.255441514,0.717165696,1.62E-05,0.026329128,0.000189114,0.00033691,0.697953935,0.000331241,0.301714824,0.000101743,0.000355977,0.014902581,0.000331241,0.011972057,0.178058945,0.650533318,0.003919965,0.099346695,0.010353765,0.002631361,0.017390621,4.78E-05,0.009705766,0.000319043,2.91E-05,0.096057551,0.903304371,0.000638078,0,0.024027857,0.886779471,0.016764835,0.072427838,0,0,0,0.179011509,0.820988491,0.154952366,0.005291004,0.803017613,0.010063758,0.000108744,0.024060143,0.002506373,0.101680038,0.056845374,0.010570812,0.104737277,0.269985933,0.456105985,7.46E-05,0,7.371543626,8.095652174,1.897183738,1.877423343,334801416.6,1138,294201.5963,0.255796516,334801416.6,FALSE,0.68448826,0.473410508,0.895566013,0.68448826,0.431309074,0.937667446
RI,0.477932504,0.522067496,0.07722304,0.000404758,0.205325393,0.365003657,0.025407975,0.215770271,0.095226844,0.015638062,0.370492157,0.062229239,0.567278604,0.07592265,0.000350762,0.020891601,0.062229239,0.051434357,0.17280907,0.011016833,0.002282483,0.309741483,0.14960933,0.003192498,5.76E-05,0.085478084,0.030101196,0.000251827,0.024630992,0.449776252,0.54953239,0.000390959,0.000300399,0.356460336,0.481529748,0.00066134,0.011354414,0.000300399,0.149693764,0,0.379222227,0.620777773,0.344226919,0.317836182,0.222488122,0.013464011,0.064949027,0.034998083,0.002037656,0.114276387,0.176481179,0.184384633,0.15323629,0.205806968,0.163024238,0.002790306,0,9.837745678,28,1.380678166,2.015286033,824260461.2,2696,305734.5924,0.284386253,824260461.2,FALSE,0.542793351,0.347351981,0.738234721,0.542793351,0.30836937,0.777217332
SC,0.342866383,0.657133617,0.014826679,0.072535343,0.260447255,0.234686328,-1.94E-05,0.359507879,0.027325731,0.030690154,0.281067929,0.01633441,0.702597661,0.000705644,0.082469014,0.029809397,0.01633441,0.036716843,0.22248065,0.045024275,0.003966807,0.170037328,0.083352844,0.005196097,0.000234474,0.026846616,0.268166744,0.008325227,0.000333631,0.394186917,0.603491575,0.002314422,7.09E-06,0.370971097,0.601197944,0.002533841,0.008823982,7.09E-06,0.015168136,0.001297913,0.337297566,0.662702434,0.310494524,0.348451992,0.288896466,0.014003287,0.007011692,0.027951208,0.003190831,0.068632388,0.198294159,0.056277243,0.171198807,0.237880432,0.248054379,0.019662647,-5.35E-08,4.750578315,18.02208202,1.425864615,2.16253577,2737074858,10216,267920.405,0.102555007,2737074858,FALSE,0.681385665,0.483077701,0.87969363,0.681385665,0.443523322,0.919248009
SD,0.49097855,0.50902145,0.012955128,0.0087131,0.329813071,0.145836596,0.35318162,0.088498036,0.06033669,0.000665759,0.556108788,0.04133742,0.402553791,0.012495722,0.00795027,0.067149498,0.04133742,0.044300633,0.23846124,0.011572876,0.000306333,0.093648797,0.062865941,0.016115121,0.003599102,0.035304405,0.010027999,0.000635017,0.354229625,0.039393859,0.921706604,0.002984693,0.035914844,-1.88E-05,0.961541807,0.002562164,0,0.035914844,0,0,0.633235914,0.366764086,0.513293624,0.138735089,0.196685167,0.014817493,0,0.120325801,0.016142826,0.029056716,0.449503761,0.009645957,0.090452645,0.173123201,0.245445605,0.002772116,0,3.713305193,7.726415094,1.288564415,1.862869694,122796438.2,976,125816.0228,0.306683189,122796438.2,FALSE,0.578913823,0.381603056,0.77622459,0.578913823,0.342247577,0.815580069
TN,0.253517192,0.746482808,0.011076168,0.016169456,0.231752719,0.481674189,0.018652031,0.110940903,0.128079006,0.001655529,0.350533217,0.032054056,0.617412727,0.009225232,0.012975258,0.029574271,0.032054056,0.079732709,0.209242677,0.0979622,0.017728151,0.281196135,0.05081922,0.000737092,0.002975239,0.127629737,0.046504114,0.001385281,0.000258629,0.305241852,0.694267015,4.97E-05,0.00044143,0.051242354,0.709336273,0.006913133,0.23206681,0.00044143,0,0,0.499027006,0.500972994,0.429411233,0.07216497,0.290026886,0.015382072,0.044304197,0.069778265,0.078932378,0.150025235,0.069036866,0.034121494,0.200093144,0.416090457,0.130299207,0.000322443,1.12E-05,7.077352805,24.36614173,1.500228095,2.158178109,1171545039,7332,159785.1935,0.076791116,1171545039,FALSE,0.564048993,0.369257904,0.758840082,0.564048993,0.330404998,0.797692988
TX,0.605689857,0.394310143,0.398799555,0.007017015,0.094178234,0.362087347,0.047455089,0.074685539,0.014891662,0.000885559,0.621349847,0.074144479,0.304505674,0.306341647,0.003706955,0.025461613,0.074144479,0.1130885,0.070472219,0.010212517,0.00669182,0.093113948,0.061013359,0.018680482,0.154963504,0.007844317,0.009150525,0.000305946,0.04480817,0.188849937,0.802719918,0.005196477,0.003233667,0.103836163,0.511611278,0.104242175,0.060302137,0.003233667,0.215326184,0.001448396,0.515829366,0.484170634,0.497555089,0.051420683,0.315133202,0.010362992,0.105086342,0.018558692,0.001883,0.153915625,0.027697621,0.422548501,0.101778123,0.060479682,0.232052339,0.001354887,0.000173223,12.8803851,43.82189781,2.084726471,2.593535075,23563253966,43951,536125.5481,0.038416435,23563253966,FALSE,0.375699251,0.180978904,0.570419599,0.375699251,0.142140108,0.609258395
UT,0.480881459,0.519118541,0.061648255,0.003852554,0.242869749,0.217888109,0.052122506,0.208058319,0.213516165,4.43E-05,0.265341303,0.111701904,0.622956793,0.050973369,0.002814794,0.040718971,0.111701904,0.075147919,0.193659824,0.010635023,0.00569742,0.296427713,0.129560059,0.003590044,0.019276571,0.000428818,0.054131293,1.23E-05,0.005224011,0.400049789,0.597332185,0.001730608,0.000887418,0.199096756,0.575862245,0.02187621,0.19524629,0.000887418,0.007031082,0,0.47332308,0.52667692,0.446585285,0.162570252,0.285207785,0.009726804,0.06358989,0.026889041,0.005430943,0.179604167,0.104859959,0.196292536,0.264655956,0.150758196,0.10370439,0.000124797,0,6.328223631,24.10861423,1.369694902,2.041984462,1533525162,4384,349800.4475,0.177579865,1533525162,FALSE,0.53588047,0.34216326,0.729597681,0.53588047,0.303524548,0.768236392
VA,0.453290636,0.546709364,0.03164719,0.005432254,0.078222844,0.437015227,0.004093964,0.280544822,0.016880728,0.146162971,0.320590157,0.098489628,0.580920215,0.017859178,0.002831802,0.027861927,0.098489628,0.073400027,0.050750556,0.010028336,0.00173797,0.264067131,0.087704389,0.017403637,0.053245654,0.007392387,0.175298864,0.110997304,0.00093121,0.393013964,0.580357237,0.0141716,0.012457199,0.25110877,0.558253094,0.051094576,0.033787002,0.012456618,0.091378391,0.001921549,0.333325356,0.666674644,0.314387842,0.207974715,0.34322385,0.048203131,0.036471227,0.020144304,0.029594932,0.094103025,0.141324554,0.208543703,0.157004193,0.141713355,0.247991816,0.007919114,0.00140024,9.511551468,37.34015595,1.625162649,2.464805417,33588970642,84280,398540.2307,0.027062796,33588970642,FALSE,0.588268875,0.394056175,0.782481575,0.588268875,0.355318634,0.821219116
VI,0.559653055,0.440346945,0,0,0.421713372,0.374302757,0,0.194453249,0,0.009530621,0.292413103,0,0.707586897,0,0,0.1326024,0,0.02377718,0.298548496,0.04165536,0,0.111396483,0.100872952,0.185608793,0.00775177,0,0.088255946,0.009530621,0,0,1,0,0,0,0.970192279,0.02377718,0.006030542,0,0,0,0.704676862,0.295323138,0.214760742,0.02377718,0.116622616,0.108202235,0,0.48991612,0.046721107,0.124375109,0.391206451,0.044071495,0.085127913,0.054053624,0.301165408,0,0,3.684662628,6.692307692,1.277066654,1.677974563,4228475.797,172,24584.16161,0.397782199,4228475.797,TRUE,0.73443658,0.52063256,0.948240601,0.73443658,0.477987347,0.990885814
VT,0.70707228,0.29292772,0.26439897,0.02645603,0.204426246,0.312065418,0.012245876,0.049452149,0.130163193,0.000792118,0.772266953,0.054358052,0.173374995,0.263257103,0.023740175,0.146472861,0.054358052,0.005295216,0.07874861,0.161548661,0.004665196,0.086416626,0.035493187,0.001384566,0.001636325,0.145689943,0.001529976,0.000683133,-0.01091963,0.118326068,0.881673932,0,0,0.096054787,0.900910767,0.003034446,0,0,0,0,0.642839399,0.357160601,0.490343758,0.069475666,0.135580467,0.103646914,0.042911033,0.152495642,0.00554652,0.050936286,0.291323051,0.364819127,0.043529733,0.123405465,0.125992522,-6.18E-06,0,8.247924884,16.89230769,1.314578434,1.942360023,145101941.5,2229,65097.32683,0.116688487,145101941.5,FALSE,0.322333422,0.115536109,0.529130734,0.322333422,0.074288449,0.570378394
WA,0.546234903,0.453765097,0.646088319,0.003756456,0.157056656,0.110536123,0.003186951,0.047144801,0.005769823,0.026460872,0.724334592,0.026796074,0.248869334,0.633969728,0.002434823,0.019583531,0.026796074,0.038083564,0.134862582,0.011905487,0.002203233,0.037825488,0.017283157,0.024835708,0.027438569,0.001704207,0.013261992,0.007475534,0.000336323,0.093220897,0.905323113,0.000810713,0.000645277,0.033589649,0.425975854,0.013104768,0.004352558,0.000645277,0.522325169,6.73E-06,0.740429961,0.259570039,0.716741398,0.057397324,0.164914932,0.007624139,0.027510603,0.023960161,0.001851443,0.096146961,0.02477696,0.423853019,0.254871555,0.063765122,0.13512842,0.00138177,7.62E-05,7.177893274,42.6124031,1.511638196,2.345456957,7520380711,21206,354634.5709,0.04418243,7520380711,FALSE,0.273011442,0.064048606,0.481974277,0.273011442,0.022369013,0.523653871
WI,0.351749545,0.648250455,0.008517231,0.412023444,0.230174162,0.219911231,0.000161373,0.036599954,0.078642171,0.013970434,0.705537354,0.018618173,0.275844473,0.007100318,0.383944496,0.134173762,0.018618173,0.017774695,0.111870433,0.042123349,0.025924917,0.054919859,0.018228539,0.088851094,0.001797245,0.078092449,0.002428392,0.012924042,0.001228238,0.021665246,0.978046603,0.000288151,0,0.021291019,0.849273774,0.066061865,0.000983027,0,0.062390307,7.06E-09,0.359218225,0.640781775,0.26152741,0.242578271,0.337426383,0.016556171,0.038587378,0.099216257,0.004108131,0.068272813,0.094232051,0.189078206,0.198555231,0.307080828,0.142614397,0.000166475,0,6.544863435,28.95689655,1.436633681,2.234095824,1281672484,8948,143235.6375,0.06453482,1281672484,FALSE,0.653536459,0.446573519,0.860499398,0.653536459,0.405292823,0.901780094
WV,0.265084389,0.734915611,0.004554482,0.00438939,0.4973477,0.180635338,0.054532842,0.07527693,0.174041875,0.009221443,0.347209334,0.03981957,0.612971096,0.003442325,0.00332291,0.066139811,0.03981957,0.004310075,0.442263717,0.010754155,0.00556422,0.123186836,0.03106415,0.002625106,0.016220097,0.113026463,0.040585362,0.009074147,0.088601057,0.120849636,0.875460219,0.003690145,0,0.061228561,0.850412999,0.000569118,0.060228612,0,0.027560711,0,0.688375783,0.311624217,0.59420749,0.078316292,0.189868527,0.025813372,0.000710549,0.094168293,0.016915477,0.095673639,0.049031385,0.120009674,0.145041397,0.227706813,0.362167401,0.000369691,0,12.75256032,19.94285714,1.835367359,1.978435312,239616282.7,2195,109164.5935,0.141706438,239616282.7,FALSE,0.619123252,0.42335075,0.814895754,0.619123252,0.384302092,0.853944412
WY,0.249468814,0.750531186,0.132557378,0.003566582,0.651351174,0.088278383,0,0.114587563,0.005823865,0.003835055,0.160249967,0.034181666,0.805568367,0.008494025,0.003310956,0.093593134,0.034181666,0.147700598,0.532177236,0.00650275,0.001234525,0.063423246,0.041293125,0.020798984,7.50E-05,0.005408163,0.041468303,0.000184355,0.00015389,0.029533329,0.972079636,-0.003118756,0.001505791,0.027982898,0.923210589,0.047300722,0,0.001505791,0,0,0.513344468,0.486655532,0.433969548,0.209515371,0.201736226,0.035380862,0.0153935,0.07937492,0.024629574,0.108319447,0.060619939,0.058346183,0.217625336,0.277269481,0.255636369,0.022121956,6.13E-05,4.707500546,7.846846847,1.556833778,1.915337297,90317748.37,844,107011.5502,0.309080276,90317748.37,FALSE,0.796894698,0.594797063,0.998992332,0.796894698,0.554486798,1.039302598
