"MajorCommandID","pNoEffComp","pEffComp","pPlatOther","pPlatFnC","pPlatEnC","pPlatWnA","pPlatLand","pPlatVessel","pPlatAir","pPaltMnS","pPSRServices","pPSRProducts","pRnD","pPscPAMS","pPscOther","pPscERS","pPscEnC","pPscMED","pPscFRSnC","pPscLnM","pPscICT","pPscRnD","pPscMnS","pPscEngines","pPscCloth","pPscLand","pPscAir","pPscShips","pPscFuels","pPriceFixed","pPriceTime","pPriceCost","pPriceOther","pFeeNone","pFeeRedermination","pFeeEPA","pFeeAward","pFeeIncentive","pFeeEffort","pFeeFixed","pAward","pIDV","pVehPur","pVehFSS","pVehMAC","pVehDef","pVehSAC","pVehOIDV","pVehBPA","pCompNo Comp. (Unlabeled)","pComp2Offers","pComp1Offer","pNoComp1Source","pComp3or4Offers","pComp5pOffers","pNoCompOther","pNoCompFollowOn","wavOffers","avOffers","lwavOffers","lavOffers","TotalValue","TotalCount","avSize","lavSize","MaxAnnualValue","TotalThreshold","AnnualThreshold","Exclude"
"ORG-2757",0,0,0,0,0,0,0,0,0,0,0,0,0,0,0,0,0,0,0,0,0,0,0,0,0,0,0,0,0,NA,NA,NA,NA,NA,NA,NA,NA,NA,NA,NA,NA,NA,NA,NA,NA,NA,NA,NA,NA,NA,NA,NA,NA,NA,NA,NA,NA,NA,NA,NA,NA,0,4,0,0,0,"[0.00e+00,1.00e+06)","[0.00e+00,1.00e+06)",TRUE
"ORG-2762",0.924959603506997,0.0750403964930033,0.201993893496158,0.367213200282202,0.387284418098929,0.0435084881227111,0,0,0,0,0.375608186325683,0.624391813674317,0,0.0940033134193819,0.262740533064357,0.101125841194979,0.318142792487248,0.100063362561065,0.0136610884825679,0.0435084881227111,0.0667545806676896,0,0,0,0,0,0,0,0,1,0,0,0,0.986615094946942,0.00591692488909784,0.00746798016396039,0,0,0,0,0.294222528372278,0.705777471627722,0.149966037827839,0.656098521144022,0.0460608208197781,0.145036202993447,0.00283841721491412,0,0,0.461314755407924,0.0164670566786191,0.420250891231234,0.0433939568678383,0.0296416939988128,0.0289316458155713,0,0,1.51927457945548,2.3,0.832626197533508,1.07381342953698,25029299.12286,97,258034.011575876,0.940394676864553,13671894.1798942,"[1.00e+07,1.00e+08)","[1.00e+07,1.00e+08)",TRUE
"ORG-2773",0.424295172396834,0.575704827603166,0.0671738190206157,0.730683020939002,0.202113481340243,0,2.96787001392546e-05,0,0,0,0.869053270035087,0.129921515383965,0.00102521458094821,0.0518781853611857,0.0662771428411486,0.678242146140555,0.0635436511334479,0,0.000454948797304032,0,0.138477989736042,0.00102521458094821,4.12735460619954e-05,5.94478633064912e-05,0,0,0,0,0,0.980900033767058,0.0189966732215846,0.000103293011357291,0,0.999912703375498,7.33154461889735e-05,-1.41453404640805e-06,1.53957123594012e-05,0,0,0,0.0683221863807237,0.931677813619276,0.0402411642748523,0.453592374300844,0.135928177546799,0.0280889111133942,0.337818732567327,5.46410368069503e-05,0.00427599915997709,0.000712404607431528,0.169607629217594,0.403687024277418,0.00345364750784558,0.311663270164205,0.0547534029931367,0.0532524843954647,0.00287013683690521,2.21968378196884,4.1432664756447,1.0860844984397,1.44013925823229,1329852019.93626,15939,83433.8427715828,0.158819432733721,227609941.163594,"[1.00e+08,9.07e+11]","[1.00e+08,1.05e+11]",FALSE
"ORG-2774",0.25919450630085,0.74080549369915,0.174321166903013,0.634862903175064,0.18517090643688,0.000504601311356349,0.00258588445757817,0.000101396041934899,0.00243464820214954,1.84934720236937e-05,0.756517975049184,0.243158461047106,0.000323563903709828,0.0449357061168882,0.155522902547425,0.0339278962914066,0.0726158728004309,0.00292371498169544,0.567299216889197,0.000500289363867844,0.107431440769997,0.000323563903709828,0.000236339964561457,0.00351345021679239,0.00471039274697353,0.0024264247164899,0.0022990759904528,9.08321544797338e-05,0.00124288054563184,0.891671270013907,0.0443570026318344,0.0639605273695264,1.11999847325132e-05,0.792502081397371,0,0.00908005122023919,0,0.17132274364159,1.11999847325132e-05,0.0270839237560674,0.467827258464367,0.532172741535633,0.0867620179841121,0.156197418131224,0.0262633529535167,0.381144843541009,0.327797125883624,0.0209716946482647,0.000863546858249904,0.000105666336957946,0.117907901953975,0.205147996785997,0.00797424908279313,0.177796778101018,0.379480476226589,0.109681771938803,0.00190515957386622,5.0557652374066,7.23048668503214,1.54363342182865,1.84045836533889,2170949072.46701,20306,106911.70454383,0.100344429803825,330933773.087558,"[1.00e+08,9.07e+11]","[1.00e+08,1.05e+11]",FALSE
"ORG-2775",0.114968542227433,0.885031457772567,0.959795215292778,0.0384907059133809,0.0014732420592437,1.72522220574433e-05,7.62496688548153e-05,0.000147124793871572,2.10049814070147e-07,0,0.0463028114220511,0.953599679624543,9.75089534063877e-05,0.00555508099979289,0.0182582382509248,0.00152493600611858,0.000299941928493858,8.01261697063956e-06,0.0384263328783137,0,0.00078844892085527,9.75089534063877e-05,2.02449860802472e-07,0.000384976750404363,0.00349445449374202,1.25241123118188e-07,2.10049814070147e-07,0.000147124793871572,0.931014405666308,0.997119767169574,0.00281548613353944,6.84293651082735e-06,5.79037603760725e-05,0.0869148366659979,0.0040988531874632,0.908620381221526,0.000314634297223516,1.12340876803756e-05,3.825650798041e-05,1.80403212828091e-06,0.0416653665510635,0.958334633448936,0.00233404670638446,0.00540128877575285,0.0147742365188787,0.039356044995711,0.937802674667881,0.000290688072744714,4.1020262647594e-05,0.000696133291427044,0.0299144030082342,0.0154367423287132,0.00313751969270066,0.0435101367199382,0.903624613484928,0.00361842249415722,6.20289799016458e-05,23.6027843872136,18.7031346035648,2.94069277328864,2.25375334548371,164844989739.896,31384,5252516.87929824,0.209433719079529,22513304569.1999,"[1.00e+08,9.07e+11]","[1.00e+08,1.05e+11]",FALSE
"ORG-2776",0.59926764970387,0.40073235029613,0.628131558846283,0.331893653121432,0.0383058883494179,0.00158063339654873,8.8266286318077e-05,0,0,0,0.734761088464837,0.259144046793724,0.00609486474143895,0.44209293224127,0.226451057679196,0.0167481081370263,0.0309160764117731,0.00457758512046522,0.264519749032435,0.00158063339654873,0.00682271393364064,0.00609486474143895,0,0,0,0.000196279306206092,0,0,0,0.975858028532403,0.0196868644364831,0.00445510703111382,0,0.998125025619616,6.24072952756492e-05,0,0,0.00181256708510831,0,0,0.622604075114704,0.377395924885296,0.0990300219981075,0.201578292558761,0,0.523574053116596,0.175420323851964,0,0.000397308474571384,0.00371517496472082,0.156344753706203,0.236468318586033,0.163637980330442,0.183708882034778,0.0614117399115069,0.194662176769305,5.09736970101364e-05,2.462713055567,3.67195767195767,1.13370508826628,1.34688133494622,127141825.301229,689,184530.951090318,1.65762458660167,23511966.3925635,"[1.00e+08,9.07e+11]","[1.00e+07,1.00e+08)",TRUE
"ORG-2777",0.173466543433049,0.826533456566951,0.156960937004466,0.817928535259283,0.0214867608769989,0.000557493008087255,0.00282440626958729,-1.01511604111191e-05,0.000252018741988044,0,0.941533449141519,0.0580400880590617,0.000426462799419165,0.115714601328404,0.0396345828374877,0.0469512574280518,0.0137711924679763,0.000549563713094258,0.771196944220153,1.60985154494542e-05,0.00712108245181636,0.000426462799419165,0.000156053716131993,1.44694984748649e-05,0.00134310297553936,0.00304470479966056,0,-1.01511604111191e-05,7.00344087525811e-05,0.99953871042864,0.000448335354288417,1.29542170716468e-05,0,0.999794914855981,8.33751783939876e-06,0.000196747626179432,0,0,0,0,0.14127396365508,0.85872603634492,0.0307436263536055,0.0332812214560335,0.0101950844121962,0.110546364342055,0.805127999665063,0.00298598606023679,0.00711971771080992,0.000619825939877819,0.131259527046197,0.0489613948268632,0.00858345995961958,0.298567138683163,0.374590271650905,0.134346815835742,0.00307156605763304,5.50204123095399,5.45528455284553,1.69569730504866,1.65239550662239,1042535915.1249,53217,19590.279706201,0.0185342657982707,138038224.46417,"[1.00e+08,9.07e+11]","[1.00e+08,1.05e+11]",FALSE
"ORG-2778",0.1864630650716,0.8135369349284,0.100349810672468,0.0561397497980825,0.698386542280426,0.0222429292269435,0.094498215048403,0.00734007905354309,0.00940006335941838,0.0116426105607153,0.000121492253141524,0.999878507746858,0,0.000121492253141524,0.152029128646826,0,0.698188961150125,0,0,0.0223766073720118,0,0,0.0151483214171021,0.0139570663911938,0.000699550569127603,0.0855108611107067,0.00474855821785113,0.00721945287191384,0,1.00010363871531,0,-0.000103638715307887,0,0.96516009202624,0.000965368761653892,0.0339781779274136,0,0,0,-0.000103638715307887,0.489704692677875,0.510295307322125,0.413100901505105,0.00306468940202559,0.0610678490825404,0.0766493371966985,0.44611722281363,0,0,0.013220505375662,0.606939036312636,0.0905988765991602,0.0683712046088025,0.0935973360759722,0.112587760082478,0.0146852809452891,0,2.96257855900034,10.3120805369128,1.24150244570834,2.11534101863004,962215706.892624,52083,18474.6598101612,0.00450890562129431,475534541.770945,"[1.00e+08,9.07e+11]","[1.00e+08,1.05e+11]",FALSE
"ORG-2779",0.157660577360746,0.842339422639254,0.474219692527867,0.370517962799096,0.134318636987062,0.00457968799839782,0.00924970156792012,0.0058798982620453,0.000715744127644179,0.000518675729967219,0.010772476457313,0.989227523542687,0,1.10262851248645e-05,0.832655371307482,0,0.134265961403224,0,0.0107614501721882,0.00456977481209301,0,0,0.000499899930517383,8.94458583082747e-05,3.94121464377142e-05,0.00923833718905939,0.000730755130326943,0.00586817034950752,0.00127039541573057,0.9994722419366,0.00024098380246505,0.000286774260934743,0,0.991570079483249,0.000123234958060947,0.00801991129775522,0,0,0,0.000286774260934743,0.947117598851696,0.0528824011483043,0.700386454882228,0.00197689637667586,0.0164433033488409,0.246731143969468,0.0344622014227875,0,0,0.0228195450919418,0.594624733950176,0.103759577876632,0.00933716222094129,0.0852590712134543,0.155848024575003,0.0283518850718515,0,3.32845997645036,13.2131147540984,1.29005291858924,2.22511301395701,829396409.285666,37397,22178.1535761068,0.00702200458899538,551182546.776308,"[1.00e+08,9.07e+11]","[1.00e+08,1.05e+11]",FALSE
"ORG-2780",0.429549631700994,0.570450368299006,0.205205693117932,0.218074369975822,0.265159341836438,0.00405369681299159,0.0161291833041273,0.00084627425187427,0.290467586655298,6.38540455174549e-05,0.00395616523783658,0.996043834762163,0,0.00393148197845829,0.4011766016539,0,0.0817514886653262,0,2.0838128520369e-05,0.00188680744887725,3.84513085792524e-06,0,0.00375246069026801,0.253632004154631,0.000350775296390159,0.00142793583035008,0.244489063127058,0.00084627425187427,0.00673042364348853,0.998925419040557,5.54930501271243e-06,0.000292094721641956,0.000776936932788122,0.983031555041028,0.000371377748121931,0.0156450096956645,0,0,0.000776936932788122,0.00017512058239774,0.556145101854668,0.443854898145332,0.33288178172496,0.0476793776946812,0.00902687450187497,0.223288708062978,0.387123258015506,0,0,0.0310111186457821,0.410913366813704,0.107163555524245,0.193385716028309,0.0803536171794854,0.0790125500447827,0.0981600757636922,0,2.81676660351309,9.6064139941691,1.20816180375606,2.04609162003188,1374651339.84188,42899,32043.901718965,0.00798581842975833,751266654.37788,"[1.00e+08,9.07e+11]","[1.00e+08,1.05e+11]",FALSE
"ORG-2781",0.154197165715247,0.845802834284753,0.243790584466663,0.516178901145303,0.0337652402097163,9.70920351365138e-05,0.00183157693317726,0.197753257565649,0.00657659633199344,6.75131236135389e-06,0.0104477335286256,0.989552266471374,0,0.000529960536568887,0.746737054569135,0.000108973718936541,0.0337114208962883,0,0.00978990426304929,9.76632791261101e-05,1.88950100708998e-05,0,1.02721039682428e-05,0.000811889760292881,0.00239325075477749,0.00179801724436318,0.00583695284620566,0.197749467845951,0.00040627717126694,0.894245171928827,0.10575452530758,3.02763593321065e-07,0,0.776967537462491,0.000725805395965801,0.221776472392397,0,0.00053018474914591,0,0,0.157917725291658,0.842082274708342,0.147055597859146,0.00129976224394901,0.118577052356875,0.0113047873253007,0.721439735599768,0.000318865708328663,4.19890663194768e-06,0.000200006169733486,0.318392594755394,0.0648692362925663,0.068451450733739,0.0812827664474364,0.456015753540031,0.0107566916421634,3.15004189363919e-05,6.45250922667115,12.539283469516,1.744509932007,2.28773111748665,22359025460.6046,566444,39472.6141694582,0.00178383693329763,3115477469.37195,"[1.00e+08,9.07e+11]","[1.00e+08,1.05e+11]",FALSE
"ORG-2783",0.439864231659143,0.560135768340857,0.131252958703118,0.0453088528469507,0.142752813261102,0.078451656293174,0.508430478179328,0.00450790808374468,0.0882418646297115,0.00105346800287103,0.00262200254931498,0.997233716795883,0.000144280654801856,0.000423159104257769,0.17098659986495,0.00133610027500642,0.079387962548058,0,0.000815141089490867,0.078351915062992,4.76020805599266e-05,0.000144280654801856,0.00170906613839038,0.162003806851088,0.00210981936514033,0.480495661122407,0.0184230086495924,0.00373364692934831,3.22302639160491e-05,0.99994387566882,2.34927195739792e-05,3.26316116060538e-05,0,0.942000467233172,0.00246205384637219,0.0532999114575067,0.00118079389696524,0.00105625639124357,0,5.17174740319982e-07,0.4436197930462,0.556380206953799,0.286574398226908,0.00218414369488112,0.0280082268246198,0.158066139256387,0.524435247422896,0.000602639678544059,0.00012920489576442,0.00237566909838464,0.280453825481942,0.198164192610921,0.188903308045061,0.147246253711869,0.141371255775565,0.0412120964671237,0.000273398809133591,3.6075164739648,12.5564720812183,1.28138572632562,2.27621475617174,14108838569.8662,471598,29917.0873707399,0.00354605896895867,2040715291.85922,"[1.00e+08,9.07e+11]","[1.00e+08,1.05e+11]",FALSE
"ORG-2784",0.42888409092476,0.57111590907524,0.345352950723053,0.0677937380491655,0.462670246982549,0.0157684720684956,0.0645798612312865,0.0312666484604866,0.0112142253042065,0.00135385718075704,0.00035580581405568,0.999634126375251,1.00678106937553e-05,8.63477933415851e-06,0.408535327569133,0.000242554486089023,0.396415579054177,0,0.000102899127969373,0.0151850521831666,1.71742066312521e-06,1.00678106937553e-05,0.00406369660782699,0.0806872465157326,0.00184901096451204,0.0561349568076863,0.00864567239533068,0.0280082616154301,0.000109322662255259,0.999909140922317,5.30165337158726e-05,3.78425439670112e-05,0,0.975901455398752,0.00112859818846026,0.0228550667384215,7.57055108518877e-05,3.9174163514048e-05,0,0,0.814755079121122,0.185244920878878,0.665140687442295,0.00434766258624762,0.0026156828502538,0.149871437912119,0.163797604517079,0.0127348850667392,0.00149203962526613,0.00162039376885466,0.202972472408802,0.234300359285535,0.146951646760502,0.151599409158617,0.21834773676533,0.0433197311631418,0.0008882506892179,3.77653525573522,14.5138075313808,1.34539218135246,2.25366836378999,9624647960.79523,454742,21165.0737358661,0.00209160996566465,1726326871.0916,"[1.00e+08,9.07e+11]","[1.00e+08,1.05e+11]",FALSE
"ORG-2785",0.058950330657245,0.941049669342755,0.981255544257342,0.0180826827604696,0.000422717304674562,7.05956328854322e-06,0.000123994313341925,2.89270832670373e-05,7.6104982307673e-05,2.96973530905355e-06,5.63686289728064e-05,0.999943631371027,0,1.69887571344835e-05,0.0185163294126809,6.83214205090502e-06,0.000342626728166157,0,0,6.91794422536721e-06,3.25477297874179e-05,0,7.44431768919611e-06,8.7250961124263e-05,0.980781018193109,0.000126395921560018,3.62092825671583e-05,2.89270832670373e-05,1.05115266381798e-05,0.999820903790767,0.000166999260526095,1.20969487070733e-05,0,0.941748605283471,8.4553346211254e-05,0.0579753540164395,0,0.000191487353878031,0,0,0.0146940955877422,0.985305904412258,0.00577215512914084,0.00229766705428333,0.0448707344667202,0.00898079378654537,0.937957700562398,2.1240269604826e-05,9.97087313078401e-05,0.000326360792003861,0.255320868669273,0.0414068962373494,0.00997706623995273,0.133305718150134,0.554083965254283,0.00552658189999489,5.2542757009663e-05,5.20432009476043,13.5989304812834,1.60906113925406,2.13839455075769,37032214656.0652,1322135,28009.4049821427,0.000677463837421818,4582924075.65383,"[1.00e+08,9.07e+11]","[1.00e+08,1.05e+11]",FALSE
"ORG-2786",0.0577434418114454,0.942256558188555,0.952784732679517,0.0346182353726597,0.000321632431272955,0,4.17119543163033e-05,1.1127317366071e-06,0.0122325748304973,0,0.00103797621071403,0.998937505215234,2.45185740516218e-05,1.33486748704837e-05,0.0337137550087802,2.64475291608965e-05,0.000268633098835919,0,0.000978960000452356,0,1.92200062302928e-05,2.45185740516218e-05,0,3.20743461219706e-05,0.952652621746673,3.63524484056684e-05,0.0122325748304973,1.1127317366071e-06,3.81004183804163e-07,1,0,0,0,0.935635286442488,0,0.0643647135575122,0,0,0,0,0.0220440997634262,0.977955900236574,0.0084926866172549,7.38153984981196e-05,0.0331290130948,0.0136236753711657,0.942643634163727,0.00129707208102359,0.000740103273531252,0.000118423643383703,0.373526677706738,0.0361192609142158,0.0691359003851625,0.378187857200191,0.123302149641065,0.019609730509244,0,3.21744424943219,5.39646464646465,1.35346344065144,1.66626401332718,38602410724.5,668593,57736.7856446298,0.00176646315723641,6751467263.36406,"[1.00e+08,9.07e+11]","[1.00e+08,1.05e+11]",FALSE
"ORG-2787",0.699574584668003,0.300425415331997,0.106674568054375,0.055365658136639,0.145789207643824,0.00932800603965082,0.031714026056499,0.000543512963183565,0.645646826095475,0.00493819501035461,0.00177548733296284,0.998236137633347,-1.16249663097094e-05,0.00162519220118004,0.146182425397445,6.70324176543319e-05,0.119840580450258,2.03869512376125e-07,5.74477407013689e-05,0.00335070639850573,2.5611103914724e-05,-1.16249663097094e-05,0.00615723867423177,0.250823948033062,0.00111908566911158,0.0202993020651871,0.443081718025731,0.000427515404334872,0.00695361751548043,0.999036629607806,0.000861090890843607,0.000102069669135184,2.09832215616444e-07,0.957725861451211,0.0095604462332836,0.0230965087035922,0.000154554376417631,0.00937300988931221,2.09832215616444e-07,8.94095139677537e-05,0.368187108008996,0.631812891991004,0.204555207993927,0.00378161354074375,0.0182779720094214,0.163717412152231,0.567454287070425,0.0418911728104444,0.00032233442280673,0.00161439205117311,0.153965474878613,0.1624057567118,0.444876505853693,0.0727031702398972,0.0774466185001972,0.0866162237311956,0.000371858033430212,2.94602575721832,13.7180962343096,1.19718955474648,2.25409803233151,35073977497.48,735457,47690.0450977827,0.00309180681947836,5515072795.45357,"[1.00e+08,9.07e+11]","[1.00e+08,1.05e+11]",FALSE
"ORG-2790",0.32649811344459,0.67350188655541,0.991146361409789,0.00804173290468586,0.000675275378085533,2.16295543854247e-07,6.74119450593843e-05,1.033128338688e-06,6.79689384975339e-05,0,0.0244058705929141,0.975594129407086,0,0.0237894656401121,0.00746816206123441,0,0.000674423548327941,0,0.000616404952802008,2.16295543854247e-07,0,0,0,2.2027876989569e-05,0.967244507830943,6.62160642076837e-05,4.79887721172572e-05,1.033128338688e-06,6.95538293833266e-05,1,0,0,0,0.973074917230029,0,0.0269250827699709,0,0,0,0,0.102993289158427,0.897006710841573,0.0125009760038975,0.00115088452113492,0.204397489463951,0.0905001489079376,0.691450501103079,0,0,0.000753692267044351,0.30436265743653,0.082553288002414,0.0191753905087926,0.0680768837684767,0.302342156180391,0.222735931836351,0,6.6060768076782,7.23728813559322,1.64413583441844,1.86859224956584,17493730688.9665,30882,566470.134349021,0.0369187042357027,2670304156.72451,"[1.00e+08,9.07e+11]","[1.00e+08,1.05e+11]",FALSE
"ORG-2791",0.660010843276297,0.339989156723703,0.241173672774755,0.0442579695525763,0.711543800168372,0.000409867146971757,0.00084673535598299,7.98473515367897e-05,0.00168575235616579,2.35529363914268e-06,0.855690154056859,0.107616889548993,0.0366929563941477,0.190873756010485,0.0156490600761942,0.0061081746068545,0.0874771750212658,0.00199980823696447,0.0343272391608093,0.000406538928062372,0.622381176041746,0.0366929563941477,0.000470152253362685,0.000914740344444815,0.000202973748250015,0.000173295672644274,0.00143599018804261,8.34667100682867e-05,0.000803496606658084,0.886327311008781,0.0619666435093032,0.0501342417110057,0.00157180377090994,0.856931946314041,4.73028490643878e-05,0.00177058992954523,0.000246152637887526,0.106449637618576,0.00157180377090994,0.0329825668799762,0.187087509230147,0.812912490769853,0.0214549076101593,0.358665432304582,0.197543373501934,0.166094540846859,0.166368490297702,0.0197004457841582,0.0701728096546053,0.00429729489438363,0.155154035972084,0.480844517532845,0.0824760446009277,0.073322273663595,0.111555813675643,0.0824105305591731,0.00993948910134846,2.60960323680767,8.17149390243902,1.04280790042564,1.73527590880403,7262264796.31394,21336,340376.115312802,0.146001818210551,1003042056.30508,"[1.00e+08,9.07e+11]","[1.00e+08,1.05e+11]",FALSE
"ORG-2825",0.660711699535263,0.339288300464737,0.235497175876605,0.062019926519225,0.148261085072173,0.0692237781289141,0.00362898341819103,0.000269208449996643,0.450150410154768,0.0309494323801281,0.334683880554756,0.509832464792964,0.15548365465228,0.164015173242424,0.0211492555703476,0.0976961247841761,0.0601793230992746,0.00105332506922361,0.0358501073817003,0.0259174323795434,0.0360691500772316,0.15548365465228,0.0188435309474236,0.0518933413836551,0.000945687005434724,0.00145853802606099,0.32906822402154,0.000237250905158631,0.000139881454525686,0.630855392548246,0.0591429217512091,0.309362741281484,0.000638944419060584,0.646010684135846,0.00071816792679662,0.0396382520172099,0.114840133436222,0.063484990714261,0.000638944419060584,0.134668827350605,0.5461718067464,0.4538281932536,0.007608232135314,0.0242702726454337,0.0761693506551396,0.53943547720519,0.337371774270869,0.0148976349083555,0.000247258179698747,0.0123338814232574,0.169563268486321,0.0810198795600668,0.437602920304699,0.0759989744783005,0.0821871202400378,0.138515821673128,0.0027781338341894,5.89722520026463,29.8862745098039,1.35380804552236,2.40442736727588,665680808140.117,475340,1400430.86662203,0.0379252510541742,57137813219.0594,"[1.00e+08,9.07e+11]","[1.00e+08,1.05e+11]",FALSE
"ORG-2834",0.50586422481985,0.494135775180149,0.116739455959754,0.0836886763768501,0.0632715936719339,0.00962990325498264,0.000415426868633032,1.92135592679418e-05,0.0116472509630476,0.714588479345531,0.251836915018788,0.252030555780157,0.496132529201055,0.119122373024273,0.0107438807518771,0.0310896519186536,0.0138679895387613,0.000870267193024527,0.0719262032086907,8.17906978488203e-05,0.028828419674146,0.496132529201055,0.214885051455804,0.000205575188385405,0.000409676634595038,0.000312204773351544,0.0114182795018002,1.85072010053774e-05,8.76000367284919e-05,0.323953996450802,0.0163275623671836,0.659142303552093,0.00057613762992119,0.305396540702408,0.00146646253147059,0.00215591131190301,0.421392795844062,0.119822550154783,0.00057613762992119,0.149189601825451,0.849053139890057,0.150946860109943,0.00469458893202021,0.0307323493388195,0.0451116669160651,0.846351394924867,0.0708141350222427,0.00220391516514324,9.19497008422947e-05,0.0121728288286107,0.257542216184866,0.0472404371161804,0.27530770352563,0.181566573163711,0.0604808192183732,0.161072778835302,0.00461664312732762,2.97881647348261,7.39038860872145,1.28464566930515,1.74044032287812,113116640017.78,53249,2124296.04345209,0.209449937425828,10921689078.5127,"[1.00e+08,9.07e+11]","[1.00e+08,1.05e+11]",FALSE
"ORG-2835",0.327840213370446,0.672159786629554,0.473367545247312,0.325495704178366,0.147123411801198,0.00280333623739945,0.00695651043054942,0.000360106476377415,0.0438388725798862,5.45130489119695e-05,0.60118581199693,0.159063674923602,0.239750513079468,0.202637827461569,0.0678871304360976,0.0521057965224663,0.0694376384365513,0.0230301939377963,0.252859606042872,0.00178680153924869,0.070552388032226,0.239750513079468,0.000294932791962226,0.00138552566097106,0.00924100817832858,0.00587368170960283,0.00254811589354201,0.000190616394226542,0.000418223883070761,0.58120177157603,0.0246094506337352,0.382739242438947,0.0114495353512878,0.589405422538363,0.000273590227049441,0.00623791419281202,0.0785510560865364,0.00305469182304669,0.0114495353512878,0.311027789780905,0.307582446155551,0.692417553844449,0.0574371918891149,0.116210466250469,0.111267171266908,0.251154142435232,0.456476622818447,0.00630023482672205,0.00115417051310671,0.0102327131251807,0.291470045365457,0.181137720352908,0.0214746896126187,0.194343817761805,0.172355766163343,0.125508786574598,0.00347646104409026,3.72515650093605,9.57142857142857,1.33724829217156,1.98228464217337,28530287329.8791,103837,274760.319827028,0.0876597776733444,4016880662.32951,"[1.00e+08,9.07e+11]","[1.00e+08,1.05e+11]",FALSE
"ORG-2836",0.432374019269256,0.567625980730744,0.286884683314064,0.642157625557108,0.0596275113077383,0.000720856841447917,0.00568449100023229,0.00104727643424884,0.00386903581886344,8.51972629729829e-06,0.879885981618414,0.118997702747457,0.00111631563412845,0.254485902724453,0.0695753126396266,0.0334834660697587,0.0309607918388193,0.00979221522267807,0.561458600926938,0.000431899361176397,0.0206657966745868,0.00111631563412845,0.000255052908851345,0.000895358262265787,0.00750804327240026,0.00275048969284419,0.00346023685660505,0.000854789055578243,0.00230572885929003,0.877138591103013,0.0749442968235098,0.0478973872454631,1.97248280144986e-05,0.850176449092377,0,0.0081975372109691,0.141606288868639,0,1.97248280144986e-05,0,0.432930638102679,0.567069361897321,0.0662749498002991,0.0955970933488301,0.0459260987286123,0.372272286174661,0.412649238971155,0.00200904826340368,0.00527128471303891,0.00926858182817767,0.14821129599957,0.226891111676101,0.0204530614320944,0.255478358386397,0.133960832561603,0.202516021894725,0.00322073622133143,3.4092364355153,7.35228122662678,1.29050922318875,1.79189763339708,11275059733.4226,50966,221227.087341023,0.0892098128634967,1601491927.6142,"[1.00e+08,9.07e+11]","[1.00e+08,1.05e+11]",FALSE
"ORG-2837",0.146682527976334,0.853317472023666,0.275748130415005,0.564251974582349,0.138258787773165,0.00202845157718058,0.0143588471053872,0.000739280008038161,0.00459752485923708,1.70036796379886e-05,0.718865831262902,0.280791629156713,0.0003425395803843,0.180751888473481,0.146190282357152,0.0485205234723318,0.102886352315267,0.0131503625738742,0.450830711181759,0.00104945497934324,0.025612345561456,0.0003425395803843,0.000597784069544553,0.00180165750172539,0.0149066190999175,0.00908579529880709,0.00257785781549078,0.000381822809641158,0.00131400290982439,0.998518039624818,0.00148196037518232,0,0,0.999549861295612,0,0.000177989228454556,0.000272149475933883,0,0,0,0.139046023598269,0.860953976401731,0.0900277939483347,0.459471246656188,0.037824104184077,0.0505727339138946,0.298894598317043,0.0556471253421337,0.00756239763832911,0.0198379338677705,0.127458541093638,0.266949253398048,0.0116331510250125,0.470683439593462,0.0557502408289115,0.0423482732373352,0.00533916695582213,2.70847237072885,7.204,1.20248225880386,1.55268927222258,7263049541.6418,48754,148973.40816429,0.0896167458868882,749031649.112144,"[1.00e+08,9.07e+11]","[1.00e+08,1.05e+11]",FALSE
"ORG-2838",0.308147027328348,0.691852972671652,0.246230422362626,0.616895434534157,0.125658546842566,0.000686623635398058,0.00327622736403454,4.11921672762053e-05,0.00721155309394291,0,0.799073343176078,0.19998652710025,0.000940129723671975,0.246025261735185,0.0817133248427994,0.0149313827790424,0.101355438406174,0.000965595487089754,0.516101357058365,0.000519482657321197,0.0210497461163957,0.000940129723671975,0.000242768813831514,0.000637926495910874,0.00901887894805236,0.00262812199713036,0.00335373019069775,3.33316530729135e-05,0.000483523095259997,0.948939384170543,0.0155513480372918,0.0355092677921649,0,0.967776790853842,0.00189513703140177,0.00404685588351949,0,0.000405917360339505,0,0.0258752988708977,0.520499654211877,0.479500345788123,0.0318735543357377,0.139553653134604,0.11132939047482,0.490971375317883,0.210302050016286,0.00723626933345341,0.00873370738721554,0.00813457192718107,0.0775411847416565,0.117401423267512,0.0298503339738195,0.178346661640866,0.436213129754999,0.144090508156485,0.00842218653748129,7.13981504092522,7.44508196721311,1.73600991766389,1.80743426590869,2512903225.65931,14874,168946.02834875,0.225017031996202,361784803.518078,"[1.00e+08,9.07e+11]","[1.00e+08,1.05e+11]",FALSE
"ORG-2839",0.327462311171834,0.672537688828166,0.23377205491611,0.69197882438222,0.068212349878235,0.000128059924159325,0.000387588362175332,1.43109709173008e-05,0.00469906733285284,0.000807744233330319,0.81274589899299,0.140306418592526,0.0469476824144843,0.129292102658863,0.0682561267139947,0.0103579305170161,0.0336619268014102,0.0643935609046236,0.590774385086772,8.72100545524332e-05,0.0179279198257146,0.0469476824144843,0.000821713482049631,0.000307802705352128,0.0342789435845747,0.000299705503638864,0.00261113894291975,1.98723810925369e-06,-2.01364340757536e-05,0.960243542233107,0.0242656114432964,-0.000108183795586346,0.0155990301191828,0.896931998474798,0.000713255286776952,0.00210492222550557,0.0848073084271218,-0.000156514533385118,0.0155990301191828,0,0.527412890689081,0.472587109310919,0.0635279322625682,0.02622419200294,0.11013897244862,0.463912673403795,0.332570357107449,6.60963325287843e-05,0.00355977644209949,0.00810382031268904,0.166069054805181,0.0496572547695161,0.0859006209326681,0.229654945795707,0.276900566817455,0.180758280966582,0.00295545560020101,4.95356685485037,6.6315205327414,1.61690642068221,1.76819201343759,2128549620.88803,10959,194228.453407065,0.295144630501626,254286352.003777,"[1.00e+08,9.07e+11]","[1.00e+08,1.05e+11]",FALSE
"ORG-2840",1,0,0,1,0,0,0,0,0,0,1,0,0,0,0,1,0,0,0,0,0,0,0,0,0,0,0,0,0,1,0,0,0,1,0,0,0,0,0,0,1,0,1,0,0,0,0,0,0,0,0,1,0,0,0,0,0,1,1.25,0.693147180559945,0.794513457586986,29102.8723269644,5,5820.57446539289,2.05572530279235,29102.8723269644,"[0.00e+00,1.00e+06)","[0.00e+00,1.00e+06)",TRUE
"ORG-2841",0.336122980517488,0.663877019482512,0.60727789526886,0.0234985090568269,0.0795920993635699,0.289108974645862,0.000155505529383731,0,6.47968541564933e-05,0.000302219281340939,0.943197438743693,0.0560595791612993,0.000742982095008099,0.895875054334885,0.0143820282281908,0.000622655113301468,0.0414740927227834,0,0.00901891060801648,0,0.03768081868749,0.000742982095008099,0,0,1.06054426716012e-05,0.000128055913496986,6.47968541564933e-05,0,0,0.133928029315689,-3.36087146014343e-05,0.866105579398913,0,0.134281636078712,0,0,0,0,0,0.865718363921288,0.0608530834217614,0.939146916578239,0.0153910429692814,0.063270312970118,0.734443122583115,0.045466724164932,0.137967112861634,0.00331294565789941,0.000148738793020303,0.00562913907816695,0.116907373570439,0.176262433595553,0.00893568420921921,0.133122025215455,0.413847620696328,0.144726977878525,0.000568745756315041,4.85614962730353,4.44322344322344,1.55239956840388,1.46847945808963,516745676.25043,2034,254053.921460389,0.916160407860873,73436221.9482121,"[1.00e+08,9.07e+11]","[1.00e+07,1.00e+08)",TRUE
"ORG-2842",0.480862320268391,0.519137679731609,0.245956445922447,0.474248479003999,0.238330787729689,0.00329657226467694,0.00851860706745358,0.0018767867855632,0.027735903379792,3.64178463800348e-05,0.632074130664012,0.368066590429765,-0.000140721093777107,0.194455597470629,0.144223633034649,0.0331355133233505,0.154705586386461,0.00944319087949756,0.319843157137403,0.00209865163702218,0.0751966718531321,-0.000140721093777107,0.00112283713137334,0.00559361032042815,0.0387867630160164,0.00667044801917963,0.0129666838814817,0.00186662769330067,3.17493098532456e-05,0.975952448955535,0.00517288475530911,0.0188746662891556,0,0.952398091017725,0.00127169075799824,0.0320341877015052,0.000405197342043207,0.000121454557952549,0,0.0137693786227753,0.43661510446441,0.56338489553559,0.070897242703115,0.237388847623238,0.103374468374416,0.366369267581684,0.195753479615108,0.0259639952143832,0.000252698888055865,0.00484680187972157,0.0734824659838152,0.154521690555282,0.0351335781196315,0.258263005459448,0.187653833541403,0.267475746408871,0.0186228780518273,4.52184184445466,7.00190476190476,1.47818598807236,1.807708368633,2216725972.25573,17989,123226.748138069,0.153109257615454,256787491.890474,"[1.00e+08,9.07e+11]","[1.00e+08,1.05e+11]",FALSE
"ORG-2843",0.299231307704273,0.700768692295727,0.263011203726394,0.544486118938036,0.0914982708303089,0.000664205150553637,0.00277618592351948,0.000898267010585106,0.0966534780006029,1.22704199994267e-05,0.853654947723633,0.123151463514294,0.0231935887620731,0.212873809241025,0.0518485041380228,0.136553814263066,0.0528691279844386,0.025270782253782,0.443084332684684,0.000556461666713471,0.0358722092810765,0.0231935887620731,0.000342004686108819,0.000546286435111489,0.0134576736852547,0.00124954690112279,0.00161351172282618,0.000419725198362372,0.000248621096332506,0.889246761813548,0.00516889177545521,0.105492366114885,9.19802961121345e-05,0.784352995873409,0.00326361820190655,0.00821008729632304,0.0464592936413115,0.128118327721353,8.87295562683072e-05,0.0295069477094286,0.412434742822146,0.587565257177854,0.0604459910056982,0.113556141684016,0.137465272150747,0.356826863249358,0.322891126622164,0.00739534448707261,0.00141926080094424,0.0160566875641847,0.150332390747595,0.108518989145189,0.0289620126210476,0.183111931686511,0.337515789822461,0.171660613843843,0.00384158456916799,5.83176369476103,9.78327832783278,1.63965720567212,2.01977449950194,24244758264.583,97528,248592.796577219,0.0740644786717382,2934389199.01494,"[1.00e+08,9.07e+11]","[1.00e+08,1.05e+11]",FALSE
"ORG-2844",0.404999531525077,0.595000468474923,0.657042828101889,0.209993847234732,0.122760553676106,0.000467997008081191,0.00168758972470515,0.000158315074967354,0.00787248294269641,1.6386236823358e-05,0.904967659947626,0.0916296845229912,0.00340265552938289,0.367510590314634,0.032908904057882,0.283676016607112,0.0490008902771808,0.0118373043441575,0.173289510585546,0.000220672546449331,0.0686542380961766,0.00340265552938289,0.000171058482096044,0.000969280890038452,0.00468080581632861,0.000973923458065014,0.00246324579943835,0.000126601051336827,0.0001143021441758,0.974950870950339,0.0104956796797319,0.0136875196333144,0.000865929736614376,0.977027043240932,0.000235221192331407,0.00762706366634472,0.0135294452707557,0.000274936116373592,0.000865929736614376,0.000440360776647736,0.160318759066819,0.839681240933181,0.0453273099070637,0.093020282380837,0.573540590827516,0.115813176880655,0.159432650132006,0.0112872762708692,0.00157871360105305,0.0195585929469415,0.0907358542577342,0.15346045714156,0.0597419323509417,0.198219040979779,0.307396394189396,0.166698898978066,0.0041888291555825,7.27845538089568,13.8660779985283,1.67356749010617,2.18321314883362,28031925612.9591,81360,344541.858566361,0.0613381741350308,4720258573.88334,"[1.00e+08,9.07e+11]","[1.00e+08,1.05e+11]",FALSE
"ORG-2845",0.414542102232401,0.585457897767599,0.610593199299727,0.152484228869586,0.190274082352752,0.000303753380573255,0.00194735874593932,8.2110285993061e-05,0.0435544343241838,0.000760832741246316,0.927356845553477,0.0617059907959146,0.0109371636506088,0.546751761943482,0.0210030625989251,0.0763144312801008,0.0327591561543206,0.0287851622830185,0.12363226400572,9.40013296022636e-05,0.151873226041155,0.0109371636506088,0.000839684271150977,0.00040622752213138,0.00521924014020166,0.000839256260299748,0.000395385356085731,8.06095748645507e-05,6.93675883326212e-05,0.771443364999116,0.0411351906749032,0.177734356575574,0.00968708775040705,0.716374393964537,-0.00140495960651008,0.0328302203002648,0.100376624989044,0.076027599812895,0.00968708775040705,0.0661090327893623,0.530051974674025,0.469948025325975,0.0314199502582994,0.136996822866306,0.1037695853371,0.499535818333116,0.22176333481078,0.00396114449149597,0.00255334390290343,0.00637394319577993,0.0814092857968121,0.175164492186129,0.0614020797688533,0.233183983698667,0.275917522881411,0.158782712748787,0.00776597972356008,4.47292461427202,6.82659355723098,1.4892211324503,1.71434069997157,7297435387.98516,19285,378399.553434543,0.28286426173382,1199614946.67677,"[1.00e+08,9.07e+11]","[1.00e+08,1.05e+11]",FALSE
"ORG-2848",0.425649144712538,0.574350855287462,0.0999089193593071,0.769418833781093,0.117691973078784,0.0070134000802403,0.00378100207148873,0.000680076958786402,0.00150579467030004,0,0.840552537861942,0.159447462138058,0,0.0614340784744016,0.0682752187311688,0.0534176876644566,0.0813853630850777,0.00453272999533808,0.696031143742761,0,0.0251368979849845,0,0,0.00143901981422874,0.0035095048686368,0.00292564712854842,0.000497750993390792,0.000526766228897421,0.000888191288109482,0.97715184149477,0,0.0228481585052303,0,0.989026314159946,0.000198721497919671,0.000996817553368939,0.0082767783497848,0,0,0.0015013684389804,0.26437134141838,0.73562865858162,0.0607885124086192,0.066169147366929,0.02813727984119,0.203824629212767,0.639549724689318,0.00153070648117713,0,0.213833399080213,0.0884462274842909,0.0327851046389953,0.0303657198238117,0.18526996928919,0.30580042989473,0.143499149788769,0,6.25759046280169,5.54787234042553,1.80921457886104,1.72104420749662,635348045.907225,3559,178518.697922794,0.0717530030862323,252430725.09758,"[1.00e+08,9.07e+11]","[1.00e+08,1.05e+11]",FALSE
"ORG-2849",0.217481331464746,0.782518668535255,0.256440017779543,0.590023036063535,0.114889551118007,0.00803424441301503,0.0226961850617141,0.0075522199322671,0.000364745631919021,0,0.717486081420531,0.281478324811249,0.00103559376822,0.198663202566639,0.152179152905853,0.0226354107759847,0.0768726175731829,0.00255740127672725,0.474035527979002,0.00803424441301503,0.0195945388221788,0.00103559376822,0,0.0116135971351759,0.0101780102757627,0.0146837369440734,0.000364745631919021,0.0075522199322671,0,0.733937348350988,0.00310857301662165,0.262954078632391,0,0.737045921367609,0,0,0.251517677558614,0,0,0.0114364010737767,0.60431468446217,0.39568531553783,0.186183233259755,0.201916457726941,0.0127003736509375,0.426508257439465,0.171873659308931,0,0.000818018613970908,0.0881242526069331,0.39820799466598,0.112222214713717,0.0131276119780489,0.187692447333981,0.088563442347415,0.112062036353926,0,2.78741850998779,3.5,1.24618991659105,1.35280430132748,90763654.8135187,597,152032.92263571,0.337663278066302,32686185.4970125,"[1.00e+07,1.00e+08)","[1.00e+07,1.00e+08)",TRUE
"ORG-2854",0.220285762897661,0.779714237102339,0.364192417942937,0.330455808501494,0.173655376050184,0.000997278051569779,0.00161316769426189,0.0122146567031813,0.116666188793577,0.000205106262794804,0.855253823473653,0.117769921626799,0.026976254899548,0.298092178511751,0.0566035139355352,0.140474015430484,0.052506264216351,0.00198849538158168,0.295378428506137,0.000508114820810578,0.119320705643698,0.026976254899548,0.000277055239701425,0.000787831183220912,0.00565488770447106,0.000663139802920504,0.000206311591917147,0.000158057229811784,0.000404745902059717,0.652391115556682,0.0283761238251394,0.319232760618179,0,0.679480127511148,0.000251659549910769,0.0064174951582289,0.291580818961594,0.00113992811808815,0,0.0211299707010299,0.438995652951372,0.561004347048628,0.0417575121518332,0.13227226402153,0.0551676032885657,0.398410531472227,0.370973266459259,0.00111289788344468,0.000305924723141118,0.0839637506665389,0.462698933172069,0.0706426368770945,0.0382223132617045,0.163646875672362,0.153427241082485,0.0273682626766336,2.99865911119005e-05,3.49224988940828,9.74368932038835,1.3393851577219,1.81987172856081,6196352707.59066,24055,257591.049993376,0.018234926381692,2208425426.74994,"[1.00e+08,9.07e+11]","[1.00e+08,1.05e+11]",FALSE
"ORG-2855",0.29291549877791,0.70708450122209,0.28338270125072,0.604574818968734,0.0438894624639605,0.00364490834519693,0.0591371771517033,0.000122205292359585,0.00516171027935038,8.70162479757657e-05,0.815507767702017,0.184324350016704,0.000167882281279168,0.127197495000703,0.119997474410179,0.18098447458617,0.0272874588569721,0.00182246501006647,0.491599707961792,0.00144159805858035,0.0139036251432847,0.000167882281279168,0.000174701353098104,0.010625161607904,0.00985076517951231,0.00691194201016354,0.000775985452951073,6.22279199230575e-05,0.00719703516742075,0.829637790193721,0.00078759948440334,0.169574610321875,0,0.961533030000515,0,0,0.0384669699994849,0,0,0,0.245204272397153,0.754795727602847,0.182270115219833,0.508620463348719,0.0766560445574347,0.0835875833880861,0.145311931343563,0.00355386214236349,0,0.0812373620813008,0.144481490211638,0.264157979170116,0.0692369172410552,0.382171452669972,0.0587147986259187,0,0,2.74819862536805,3.29411764705882,1.22856511503953,1.311627870075,3635419774.98726,9318,390150.222685905,0.0400545729690755,1332936505.90712,"[1.00e+08,9.07e+11]","[1.00e+08,1.05e+11]",FALSE
"ORG-2856",0.513526869363104,0.486473130636896,0.136557614179099,0.505894004668163,0.353050807204365,0.00121051232727406,0.000968804339210131,0.000129294353006861,0.00218179468841377,7.16824046851374e-06,0.642829013191401,0.356428979903391,0.000742006905207952,0.115776393685517,0.0525026839672663,0.0176599488597789,0.2928497123704,0.00678672488764059,0.445406015613692,0.000586136136401915,0.057199930144772,0.000742006905207952,0.000148016366560803,0.00125590772081108,0.00633385339142094,0.000717070466802796,0.00110197092286943,0.000125191805365592,0.000808436755491827,0.859747543062075,0.000734003692263013,0.139518453245662,0,0.86053287753849,0,0,0.139467122461511,0,0,0,0.403858150824473,0.596141849175527,0.162283827174955,0.187792691716771,0.0359737041927586,0.243332914399371,0.368263500003491,0.00231500740447032,3.83551081830661e-05,0.168232063190624,0.323615196270456,0.251742935784705,0.00453562974686051,0.0497899134840189,0.115101996263021,0.0869822652603135,0,11.1942079380592,10.7062146892655,1.27783110683403,1.80129180190132,811868987.474717,6524,124443.437687725,0.0455138851516726,294032298.985168,"[1.00e+08,9.07e+11]","[1.00e+08,1.05e+11]",FALSE
"ORG-2858",0.404015800717567,0.595984199282433,0.886799893076482,0.0152901824432513,0.0936382437362541,0.000897065703597726,0.00308672661539932,0.000281731912507181,6.15651250824007e-06,0,0.946738460902416,0.0526524157741131,0.000609123323470625,0.0376592486938541,0.0270680649919679,0.825128766653517,0.0210385576015862,0,0.0115110611120082,0.00052595899106041,0.0724393844430365,0.000609123323470625,0,0.000147045805464584,0.000889041261854324,0.00272344251599951,0,0.000259126732668166,1.17787351199027e-06,0.976176610762713,0.0135142623804171,0.0103091268568699,0,0.744406068804369,1.37402877102084e-06,0.248383351289535,0.00211093307044256,0,0,0.00509827280688182,0.0624541299785101,0.93754587002149,0.0140407749508483,0.0291183677130648,0.544151870010617,0.0488618573397623,0.361184549658646,0.00259576136888372,4.68189581780515e-05,0.014858640184827,0.15007669096851,0.348315180749779,0.00404798457243024,0.0737596880041722,0.358102479024512,0.00539057889040052,0.0454487576053697,5.89058917795413,8.72321428571429,1.5200456662512,1.60905043838541,3517013403.65688,2935,1198300.98932091,0.164616380855838,1104803210.31746,"[1.00e+08,9.07e+11]","[1.00e+08,1.05e+11]",FALSE
"ORG-2860",0.0832470160900501,0.91675298390995,0.583229035575845,0.154672467916825,0.0355512819015698,0.00369418919696782,0.21932387417362,0,0.00352915123517204,0,0.889815750066748,0.110184249933252,0,0.586874107814738,0.0509091307394364,0.23732029386175,0.0243462126662506,0.0012540285000033,0.0597266237798122,0.00342861140913757,0.0046406961104441,0,0,0.00124798520537256,0.00789459859758754,0.0188285600802954,0.00352915123517204,0,0,1,0,0,0,1,0,0,0,0,0,0,0.319649456065395,0.680350543934605,0.306225835255395,0.680350543934605,0,0.0134236208099998,0,0,0,0.0504269925647371,0.17699773312148,0.249597879215265,0,0.458638316331543,0.0643390787669742,0,0,2.68514011504951,3,1.21141724615457,1.23104497057057,514146396.514971,718,716081.332193553,0.338619321429067,270273052.302888,"[1.00e+08,9.07e+11]","[1.00e+08,1.05e+11]",FALSE
"ORG-2861",0.620157991953526,0.379842008046474,0.715734249720683,0.0116523563809562,0.264760548382755,0.00754814356810307,0.000148742582734862,0.000155959364767136,0,0,0.761586556992009,0.0989985409644707,0.13941490204352,0.283630302089054,0.0092904398470596,0.000213832597427524,0.0882324748109028,0.299785582646584,0.00144373647208443,0.000119657164762341,0.176513103186859,0.13941490204352,0,0,0.00105332139290454,0.000132072928124387,0,0.000155959364767136,1.46154559498725e-05,0.539063793702068,0.0290996999770163,0.431836506320916,0,0.566114429593578,0.00234724686461827,0.00343197442554415,0.00302286563446627,0,0,0.425083483481793,0.439298929641608,0.560701070358392,0.0139582739277685,0.170891770150134,0.200846869334423,0.43118004689049,0.180722936474251,0.00200848448333091,0.000391618739603109,0.283989988367085,0.300602431627046,0.181703325541488,0.0301857704598263,0.042365171258332,0.0368591417524932,0.12429417099373,0,2.26984411351464,3.48823529411765,1.07307755251089,1.31801694934252,4417893471.96572,4976,887840.327967387,0.0814101683031144,2260116622.75937,"[1.00e+08,9.07e+11]","[1.00e+08,1.05e+11]",FALSE
"ORG-2862",0.286061982719179,0.713938017280821,0.0432215656703818,0.775043217654271,0.170177808915186,0.00240385249269538,0.00726786894545902,7.68525994955601e-05,0.00153803692825099,0.000270796794260359,0.804070817803911,0.195929182196089,0,0.0221083886262436,0.103421706402541,0.0373981404209081,0.074953185789401,0.00433576611595397,0.648177142951254,0.00164638826145191,0.0920513796895515,0,0.000556875346206327,0.00293858766071617,0.00714874274496257,0.00390214123880208,0.00107772979250779,0,0.000283824959500902,0.993552216484971,0.00644778351502859,0,0,0.997950791583122,0,0,0,0.00204920841687767,0,0,0.120859255118009,0.879140744881991,0.0804507406315638,0.528419398474499,0.0219579889900449,0.0409343145991993,0.323726818889343,0.00451073841535013,0,0.0430774392571969,0.311991209999505,0.465802814684045,0.0506088991323179,0.0547725519548058,0.0536109705338418,0.0201361144382876,0,1.84801813670901,3.83823529411765,0.966157393058648,1.39712747608653,977925646.214769,4515,216594.827511577,0.0629819402772774,353745974.867725,"[1.00e+08,9.07e+11]","[1.00e+08,1.05e+11]",FALSE
"ORG-2863",0.346768943261777,0.653231056738223,0.250705169574205,0.597749754494231,0.0966980949246698,0.0248461806414865,0.02733654221979,0.000310720968157039,0.00235353717746124,0,0.862266495842046,0.137603338115101,0.000130166042852964,0.219197369255394,0.0505209834083612,0.0824528248210681,0.0607033444794918,0.00218794749940132,0.5259361381702,0.00085551422004236,0.0324922160959823,0.000130166042852964,0.00121897464304866,0.00247240955744012,0.0116987247024034,0.00766800951086867,0.00152936295331925,0.000274229583820819,0.000661785056305114,0.663691339255947,0.0167784939025483,0.312834631674198,0.00669553516730704,0.670737475262598,0.000366956550807101,0.0253003706197444,0.233976238248416,0.00152521747698629,0,0.0680937418414487,0.487481997715016,0.512518002284984,0.0735681210152567,0.136094769657091,0.0722438489222957,0.417393063810919,0.298620242748317,0.00184184099569817,0.000238112850421537,0.135774083848317,0.17644224569419,0.106788119990313,0.0439956865248926,0.126068726297681,0.350796842700051,0.0601175314280962,1.67635164589257e-05,5.22730553267404,8.4581589958159,1.62801463148508,1.88052100299535,4069135043.6296,23366,174147.695096705,0.0174909744894253,1530148864.29873,"[1.00e+08,9.07e+11]","[1.00e+08,1.05e+11]",FALSE
"ORG-2869",0.332205808522041,0.667794191477959,0.342684168815878,0.459110911339102,0.162273291941522,0.00179018568501458,0.0193742392360136,0.000498984455947617,0.0129761030209203,0.00129211550560189,0.696399226906094,0.300471552998288,0.00312922009561761,0.323088264379633,0.103541407211169,0.0158219486003811,0.136924773953048,0.0115079600090265,0.324604945468539,0.00148487181787573,0.0213761084485151,0.00312922009561761,0.00249134342809362,0.00886591340815479,0.0251197119653683,0.011863885444895,0.00824627449054378,0.000477282789184163,0.00145608848995559,0.978207324637473,0.0143437743665262,0.00480229678660171,0.00264660420939888,0.986003138799976,0.000109575661488544,0.0028933802040756,0.00460756703790467,0.0034065012619781,0.00264660420939888,0.00033323282517823,0.373893170226495,0.626106829773505,0.104753489966413,0.21998994931903,0.123143309983756,0.26983256762588,0.253374515691806,0.0187769371062215,0.0101292303068931,0.0154558126258536,0.110321557683129,0.175601867409949,0.0297680244737254,0.263162686603532,0.294704198530661,0.100565859627682,0.0104199930454684,5.3466064199861,12.8324656885944,1.55491775552068,2.17414194795879,32840908946.0866,370131,88727.7989308829,0.0168805838629083,3596940686.04676,"[1.00e+08,9.07e+11]","[1.00e+08,1.05e+11]",FALSE
"ORG-2870",0.198396984694106,0.801603015305894,0.900707074544342,0.0168985048144832,0.0731855412270819,0.00124443374890832,0.00309880910615842,0.00478531310457756,8.03234544482938e-05,0,0.958587965505783,0.0413979210781369,1.41134160797509e-05,0.0694952459531362,0.00388311241059664,0.834938934228753,0.029937344034635,1.7095480044385e-05,0.011152588974417,-3.49166524948694e-05,0.0429841008694331,1.41134160797509e-05,1.00809464355559e-06,0.000452130589176641,7.79058174097034e-05,0.00219334851594009,2.74293626673486e-05,0.00472534476766705,0.000135214137895759,0.997326999197712,0.00252064273164167,1.51674147229254e-07,0.000152206396499438,0.553760876530392,0.000940329568332502,0.445146587504776,0,0,0.000152206396499438,0,0.07168150542068,0.92831849457932,0.0158193954211785,0.0387634081938188,0.603881934035315,0.0559540278350837,0.275295328121839,0.0102036330171391,8.22733756261531e-05,0.0109250382496602,0.117370194416638,0.146030781746317,0.0248964972954558,0.384880738711797,0.292363087270987,0.0189501487507151,0.00458351355842935,8.61035893744679,7.73333333333333,1.70248734338977,1.5307938281174,4388438197.14853,4156,1055928.34387597,0.242445203433564,1815163267.78691,"[1.00e+08,9.07e+11]","[1.00e+08,1.05e+11]",FALSE
"ORG-2871",0.449924535739059,0.550075464260941,0.206600308262465,0.019760727440965,0.0311572720003808,0.00862598993791956,0.000823596896799492,0.00107637951836564,0.00260312241289179,0.729352603530212,0.195882644720884,0.04742590142796,0.756691453851155,0.159553157555645,0.00523534342319304,0.00871916448570473,0.0133793262197141,1.25313376890702e-05,0.0100977197054271,0.00256218129629381,0.0175000716364183,0.756691453851155,0.000293727908440653,4.06399176615164e-05,0.0230376047983875,0.000810283503047881,0.00117492387360151,0.000891766029788115,1.0445783181661e-07,0.12482976719577,0.0940145497394211,0.756555207227232,0.0246004758375775,0.256564416998045,1.72163105691096e-06,3.70703608277591e-05,0.334031300884127,0.0905201282900998,0.0246004758375775,0.294244885998266,0.637729609642962,0.362270390357038,0.00627281161939769,0.00704140409972624,0.214904377684949,0.631469753239687,0.140130347415845,0.000100599733705268,8.07062066898344e-05,0.0160761273063569,0.219871456080371,0.0958812985703699,0.23505776769118,0.176828701523902,0.14440513531681,0.109898421703401,0.001981091807609,6.85804664665827,24.6731034482759,1.44048553693451,2.050619476139,33396688508.1124,20295,1645562.38029625,0.399304515332916,3300491152.49458,"[1.00e+08,9.07e+11]","[1.00e+08,1.05e+11]",FALSE
"ORG-2872",0.215098313319757,0.784901686680243,0.0891868733130367,0.869728430676133,0.0353811067454006,0.000481717730786812,0.000945877913828439,0.00408062572815242,0.000148427217009718,4.69406756517188e-05,0.932423015861008,0.0479817023577253,0.0195952817812665,0.131006635305066,0.0266066571750126,0.0159974170806801,0.0132798116266557,0.00022777143044168,0.77371102478009,0.000200657627755988,0.0114801672647302,0.0195952817812665,0.000152880762392408,0.00213935455218254,0.0018642093853763,0.000659617449631572,0.000133329884620978,0.00247238164041082,0.000472802253686409,0.918661164313682,0.00790385219758394,0.0730682771043042,0.000366706384429458,0.925028401612965,6.60216298439699e-05,0.00527479966593582,0.0231806338723982,0.010605058378516,0.000365687642881835,0.0354793971974589,0.527484264781713,0.472515735218287,0.0184562937512426,0.0190105642678212,0.200611098955791,0.509175860757183,0.249966145169097,0.00191850458458381,0.000861532514281101,0.00668937065755821,0.146247802607533,0.0856744401128738,0.018510649438515,0.251280971198483,0.382653332487733,0.101440926729595,0.00750250676770835,6.29215362133847,14.1667156286722,1.70906896657013,2.23920349873736,268494525402.651,549229,488857.153214144,0.0258133092167644,33990464497.9649,"[1.00e+08,9.07e+11]","[1.00e+08,1.05e+11]",FALSE
"ORG-2873",0.56317442207095,0.43682557792905,0.74000356579135,0.0982111439991394,0.160563261837649,9.32616939600138e-05,0.00106274995821124,4.82829943325654e-05,1.77337253584497e-05,0,0.572707369947917,0.190696065735625,0.236596564316457,0.341857375534256,0.0563617590846119,0.00421942154197681,0.0431624223053549,0.0642434430839292,0.0471803398661946,3.94561024197025e-05,0.115206789921561,0.236596564316457,9.78745988865041e-05,0.000335901301004336,0.0895741857538465,0.000975579250458904,1.58454674841127e-05,3.41727092257162e-05,9.88691623327532e-05,0.545545431024577,0.0840975848577923,0.37035698411763,0,0.731942958865868,0.000183640402137173,3.80726993034571e-05,0.0231705964242145,0,0,0.244664731608477,0.449486709398014,0.550513290601986,0.0898406896127082,0.200375987375272,0.0825554779223224,0.359918410219105,0.265661618679515,0.00154792668936502,9.98895017121766e-05,0.0914592881331922,0.193400880285147,0.341603958813834,0.0745336214624934,0.11797706130233,0.124726725924242,0.0557652856772641,0.000533178401496979,39.0351853673485,70.1906116642959,1.36462709782211,1.99546408231657,3379648050.64406,11958,282626.530410107,0.0697743962992151,1134903835.04946,"[1.00e+08,9.07e+11]","[1.00e+08,1.05e+11]",FALSE
"ORG-2874",0.680842067720595,0.319157932279405,0.850056925539564,0.10675670369808,0.027159566626082,0.00444647100024967,0.0099273278993829,0.000261877400917105,0.00139053157767005,5.962580544257e-07,0.123053586879211,0.860749208388818,0.0161972047319706,0.0338864486133624,0.797995617565405,0.0209923150622499,0.0175709644678082,0.000746282892521315,0.0649548050097988,0.00444541262998556,0.00247373530127859,0.0161972047319706,0.000176793057277331,0.00352779820292706,0.0153210037081754,0.00833641983001993,0.00136401635866027,0.000259741486172826,0.0117514410823871,1,0,0,0,0.997757599693477,0,0.00224240030652308,0,0,0,0,0.414785192622329,0.585214807377671,0.150799309676576,0.156448239345514,0.0498504424570623,0.290566391797977,0.35198918910212,0.000346427620751478,0,0,0.0450251647580125,0.34396713793779,0.284478941345608,0.086418573148333,0.220196565895348,0.0196497170330496,0.000263899881859081,3.98984674144411,8.59677419354839,1.28651363358902,1.87538094315529,37439366366.997,120514,310664.042078074,0.0154793813629938,8213802445.9436,"[1.00e+08,9.07e+11]","[1.00e+08,1.05e+11]",FALSE
"ORG-2875",0.528617085532218,0.471382914467782,0.821898147736058,0.141131221078583,0.0363492383995853,0.000168192202019988,0.000150630928888736,0.000247789046030108,5.40192530750922e-05,7.61355760815956e-07,0.745508314303237,0.253566700474679,0.000924985222084138,0.103424442212371,0.0734396218005582,0.0181101113337607,0.0162454413414288,0.504865183854304,0.0994941373345897,0.000113455782818812,0.019614439568212,0.000924985222084138,1.63826234910706e-05,0.000175859145304834,0.163225998055302,0.000119888250671264,5.36242215809717e-05,0.000174675205931114,1.75404759203028e-06,0.979555894097158,0.00554436661607145,0.0148681968068198,3.15424799505001e-05,0.960419472738791,0.000291040709932918,0.0293468009163755,0.00148577501239794,0.000125202165816802,3.15424799505001e-05,0.00830016597673521,0.421973534789862,0.578026465210138,0.236312205853226,0.145359490526795,0.125725718300999,0.193566839524077,0.291614360510125,0.00207930948713647,0.00534207579764218,0.0501273529756737,0.155131726205505,0.208549270524283,0.106818534994967,0.0846125609859359,0.213843853468306,0.163244194614617,0.017672506230713,5.64479055850995,10.5741088180113,1.46705962908653,1.9556568104425,17454616780.2324,132901,131335.481149369,0.062867547562114,1738532721.11008,"[1.00e+08,9.07e+11]","[1.00e+08,1.05e+11]",FALSE
"ORG-2876",0.396573115114266,0.603426884885734,0.354461182334694,0.388863258687816,0.209677419672978,0.00442215523566413,0.0325183215491057,0.00330163081721319,0.00664672483602684,0.00010930686650313,0.765247699409847,0.225255528332104,0.00949677225804886,0.289859192728896,0.0714602900867421,0.0670136689861329,0.118873697693043,0.00374660875643786,0.32014803728555,0.0016143800378424,0.08448019165283,0.00949677225804886,0.000599004112712942,0.00218084766897139,0.0159091006103596,0.0110185869476013,0.00158781903924561,0.000619684290599057,0.00139211784498614,0.76797797152725,0.0467743088942399,0.184507138234913,0.00074058134359737,0.797909697839617,0.00161698179367534,0.00792297525094806,0.13113879015783,0.00998437726740845,8.29413330948287e-05,0.0513442363574267,0.397330678770726,0.602669321229274,0.103789442373092,0.132398211860136,0.12830483961809,0.294146977633663,0.333602479828332,0.00774186254854958,1.61861381380349e-05,0.0423687815555838,0.169520747319736,0.175189513233283,0.0563375957478916,0.193071456381646,0.212365293054236,0.143719134981977,0.00742747772564689,6.96743334616389,19.6523235800344,1.45612305375284,2.11272636663398,92640799449.4329,539099,171843.760514178,0.0122336189747641,17919135900.4265,"[1.00e+08,9.07e+11]","[1.00e+08,1.05e+11]",FALSE
"ORG-2877",0.588648376251735,0.411351623748265,0.303176307892575,0.0949592977768095,0.142766519418396,0.0956633083155932,0.179531183450352,0.000947995992710996,0.129707526646904,0.0532478605066591,0.338441222485537,0.569765763712221,0.0917930138022423,0.224472777214711,0.0437307877407571,0.0322595626891271,0.0927359234767528,0.000465122085034865,0.0570108297614965,0.0757216977064757,0.024232930735168,0.0917930138022423,0.0541784486299148,0.0249801493596439,0.0141045052746436,0.1626949911147,0.100832761869659,0.00056118873298433,0.000225309806689425,0.693180169947048,0.0849888592051386,0.219365240622217,0.00246573022559627,0.779968901393257,0.00472514570385068,0.0137179381909914,0.0344781241457219,0.0365532733706308,0.00246450458722086,0.128092112608327,0.511027160562348,0.488972839437652,0.0150045164890513,0.0188961616628923,0.135011856210871,0.49638351722048,0.330035015160167,0.00338786649994731,0.00128106675659027,0.0307671723163368,0.12540152633849,0.10822296422058,0.410079874032942,0.118776711034375,0.112069470750766,0.0908760644113664,0.00380621689514471,8.37229893561127,49.4382480957563,1.41524201122043,2.44856648734214,907433873198.176,965907,939462.984736808,0.0177721495330782,104642772386.978,"[1.00e+08,9.07e+11]","[1.00e+08,1.05e+11]",FALSE
"ORG-2878",0.280529466888048,0.719470533111952,0.607853750063838,0.116847174049924,0.257036156721879,0.0079890289707595,0.00313656697211333,7.11562138408759e-05,0.00683297292312706,0.000233194084518047,0.675513933584602,0.13131256212571,0.193173504289687,0.407216216085443,0.039216860697876,0.00522655227764594,0.0716097167600962,0.000219363080143876,0.0839913342603466,0.00781525733123192,0.178860467881023,0.193173504289687,0.000263213083695418,0.00211285612745695,0.00250257481174475,0.00291013896831447,0.00476735399354272,7.11562138408759e-05,4.3434137911201e-05,0.219432021997075,0.0291824352313899,0.75122609680474,0.000159445966795008,0.332788077457207,0,0.000631264671506624,0.497266128885565,0,0.000159445966795008,0.169155083018926,0.639460962995185,0.360539037004815,0.0499024539729707,0.0383559589112401,0.0737027156310099,0.589806642982156,0.239925451171527,0.00813228610006682,0.000174491231029348,0.0360985376544361,0.459861367615522,0.102517896164542,0.0529561795770642,0.19756470118927,0.0875923489431519,0.0620017501058316,0.00140721875018204,5.22382040846769,4.82225913621262,1.32499359595612,1.38822803211616,2258602267.26036,6435,350987.143319403,0.359462363421198,621399236.273744,"[1.00e+08,9.07e+11]","[1.00e+08,1.05e+11]",FALSE
"ORG-2879",0.713463024438063,0.286536975561937,0.703145091379907,0.0227505283676084,0.263749488426746,0.00998580894963349,0.000309959710398093,-1.12339556690074e-06,5.9305019061854e-05,9.41542212353535e-07,0.821243817311395,0.0622955520642868,0.116460630624318,0.353321518992771,0.00974364414816458,0.000598409673548885,0.0510386793877874,0.24253285534513,0.012663508362538,7.43498386777349e-05,0.212127524937406,0.116460630624318,0,1.7664759806569e-06,0.00114468062198876,0.000256636614187002,2.83121948616586e-05,7.48278263893791e-06,0,0.646085902358913,0.0555690182503752,0.2983249233012,2.01560895119784e-05,0.710328590893223,0.000159383910478778,0.000276158082894845,0.0125213925323471,0.00546300178441599,2.01560895119784e-05,0.271231316707129,0.409103295622434,0.590896704377566,0.027438909582493,0.232674588461616,0.1293540015757,0.382446480523155,0.223850682435661,0.00421863566099902,1.67017603763851e-05,0.0208313988820403,0.117361141970394,0.266426209364397,0.131295656692856,0.0608744373505693,0.101663910904795,0.296738834386298,0.00480841044865136,3.39661243115214,7.86724137931034,1.18560997068159,1.55432019283394,10560704195.2491,11704,902315.806155942,0.171928367927875,3034956563.50185,"[1.00e+08,9.07e+11]","[1.00e+08,1.05e+11]",FALSE
"ORG-2880",0.303968406105172,0.696031593894828,0.78787035864846,0.00734317716349889,0.20338073982324,0.000420409965009692,0.000308792251811075,2.72770142274463e-05,0.000624878292177252,2.43668415747097e-05,0.83883240633415,0.117236358866535,0.0439312347993155,0.734717442207567,0.0124809953348828,0.000698814982794859,0.103335448431166,3.04270358552679e-05,0.00351311264511682,0.00016765710479636,0.0998726094628161,0.0439312347993155,2.89558761212754e-05,4.09232432609797e-05,0.000237623142972402,0.00027853523838849,0.000624536788898538,2.72770142274463e-05,1.44066918200004e-05,0.144166104498531,0.101201933139868,0.652223712714319,0.102408249647283,0.273889183411085,0.000417696665313766,0.00238967168252414,0.3946480523101,0.000384860266494728,0.102408249647283,0.2258622860172,0.100996439215606,0.899003560784393,0.018592675607592,0.0374893692681241,0.121624639658819,0.0825425017789673,0.738851514449433,0.000835259941493268,6.40392955719272e-05,0.00731263545852638,0.129108059683363,0.10710347854859,0.0420602557963814,0.27267595037593,0.298823345761651,0.141563829043846,0.0013524453317126,3.96682133848544,5.0210843373494,1.48532343965372,1.45128183948573,14677043065.032,12840,1143071.8898,0.452649434247994,2299955219.04151,"[1.00e+08,9.07e+11]","[1.00e+08,1.05e+11]",FALSE
"ORG-2882",0.36206006409728,0.63793993590272,0.714994138017836,0.0497826494647407,0.234768463647659,5.3466889670972e-05,0.000253776256776913,6.4179379452169e-05,6.5149892262746e-05,1.81764516016732e-05,0.796452668509398,0.0982131652445921,0.10533416624601,0.4747451847389,0.0216554490258568,0.00552303834168313,0.0357407075774897,0.0925464197925052,0.0256756450588121,5.83488963352119e-06,0.197962380577497,0.10533416624601,1.73043366290189e-05,0.000336598719870807,0.0401056534369756,0.000162389196325365,6.5149892262746e-05,6.42481293340468e-05,5.98300402145932e-05,0.433273133780504,0.112600753635407,0.450123005425831,0.00400310715825745,0.698173883538309,1.31801745804528e-05,0.000506092501893691,0.00550805521968948,0.000311682021101559,0.00400310715825745,0.291483999386169,0.269700254639253,0.730299745360747,0.052867549109418,0.159718673640844,0.272099724422314,0.216922934847668,0.283784992435348,0.0128776125750898,0.0017285129693175,0.00438428493512056,0.187997758344076,0.207683334049563,0.0806557103355904,0.281650646985022,0.170598220875659,0.0620247101657685,0.00500533430919934,8.14374190826286,36.468023255814,1.39737064093429,2.11904127343278,14159620578.5066,34548,409853.553852801,0.218575392674713,2291426005.64827,"[1.00e+08,9.07e+11]","[1.00e+08,1.05e+11]",FALSE
"ORG-2936",0.734695608134395,0.265304391865605,0.1375864023665,0.0119111669724918,0.0662071359517625,0.0123895204926386,0.00402337040673862,0.000148380133846078,0.728037365010706,0.0396966586653163,0.148527054642516,0.589792168387322,0.261680776970162,0.0707401268938143,0.0375407960981494,0.0663232586328884,0.0319919470293015,0.000375813334694656,0.00102761703699551,0.00423132809372227,0.0100602387441231,0.261680776970162,0.0335977842297226,0.0376561995635599,0.000486765786126176,0.00276118358122584,0.441440507239123,8.27930432973412e-05,2.86372309390028e-06,0.563781752975927,0.015719491129956,0.420489389685308,9.36620880935309e-06,0.353339150629929,0.000684882572828555,0.0394794481646007,0.21443383703328,0.2745764238236,9.36620880935309e-06,0.117476891566953,0.794110944834462,0.205889055165538,0.00328764820796501,0.00529064809257134,0.0514106521292272,0.791004387383034,0.134772506584731,0.0141580883127179,7.60692897535234e-05,0.0221480003879734,0.193359918823889,0.085875211180127,0.594210428414331,0.0433658673123327,0.0294021575380271,0.0299900601509362,0.00164835619238399,2.58722034520797,9.89263322884013,1.1403316950142,1.97988708788867,334123508050.633,127767,2615100.20623974,0.110248691268041,36373167361.7144,"[1.00e+08,9.07e+11]","[1.00e+08,1.05e+11]",FALSE
"ORG-2937",0.633786747320754,0.366213252679246,0.320743398174386,0.113834484169045,0.285854141497559,0.02304107750935,0.0108550580445953,0.034326755715064,0.208997308564001,0.00234777632599864,0.50334639499666,0.486870682541964,0.00978292246137602,0.196212841897215,0.0886806811313957,0.0509866444931372,0.111042538628691,0.044966391584849,0.048789386905459,0.0175160353620473,0.162391130116,0.00978292246137602,0.00285663983142439,0.0820397391857815,0.0250297156952056,0.00679034642599397,0.141717867356465,0.0106979399854858,0.000499178939472833,0.793496439387465,0.049274380273196,0.156438178174921,0.000791002164417624,0.825799419966693,0.00293851191067898,0.00751809414649493,0.0230713623224989,0.0203395002814445,0.000791002164417624,0.119542109207772,0.230940294960224,0.769059705039776,0.0812036479734317,0.0975627652681718,0.0911419913796139,0.150536239358126,0.567247510196459,0.0108622916673355,0.00144555415686248,0.0475742345289205,0.11441083990708,0.125952360532934,0.341124292654175,0.160873631224294,0.0818924578318483,0.112972445329223,0.0151997379915246,3.72669620551306,10.4009550760524,1.3408979797,1.96550230773085,124206025419.145,982297,126444.471905285,0.0115248293362876,10049967112.3272,"[1.00e+08,9.07e+11]","[1.00e+08,1.05e+11]",FALSE
"ORG-2939",0.141363162228271,0.858636837771729,0.751963559751847,0.0568372443244145,0.032586786984236,0.000104279120986789,0.00345609463540986,0.155010405437993,4.1629745113091e-05,0,0.943261500996181,0.0562544248154875,0.000484074188331141,0.0367585195842295,0.0104731955216445,0.824487159995956,0.00270423058280208,0.000108688086859045,0.0525640202116838,3.47724086298818e-05,0.029343113117453,0.000484074188331141,3.875195884881e-05,0.00278618314453853,8.62977604168618e-05,0.00116317891361194,1.31537497744435e-05,0.0321981141236771,0.00675654665154341,0.98108943476445,0.00016436278332218,0.0140753239039554,0.00467087854827216,0.767195470189095,0.00133791237519278,0.169522401389594,0.0501948648288395,0.000665999948121702,0.00467087854827216,0.00641247272088519,0.911245632186129,0.0887543678138709,0.0322690719844534,0.00780029591566416,0.00681063551783639,0.878976707651829,0.073449657427368,0.000534529017076874,0.000159102485772433,0.00894561761575653,0.361218597216614,0.0966054022432584,0.0101580378055744,0.135181580885074,0.362482319535918,0.0249701365446699,0.000438308153135591,5.02044353098113,6.2090395480226,1.57990198661095,1.77033975299518,25536480995.8256,44640,572053.785748781,0.120334702605149,2240438149.42396,"[1.00e+08,9.07e+11]","[1.00e+08,1.05e+11]",FALSE
"ORG-2940",0.197642136860148,0.802357863139852,0.045173262168895,0.936885203710508,0.00997641353619272,0.000643596291794309,0.00319489887837731,0.00404387967242451,8.15877342048161e-05,1.15800760321226e-06,0.980869020291494,0.014973258377949,0.00415772133055726,0.116081871529467,0.00542252573177663,0.0160678984129478,0.00257565813762093,4.34161020539209e-05,0.843359112814898,0.000285726010020541,0.00531672143212636,0.00415772133055726,0.000651207111506187,0.000844943484568047,1.6117903327159e-05,0.00145065113322333,6.59130800829029e-05,0.00365915353355807,1.36225226524287e-06,0.928561604607011,0.00134773127627188,0.069894856057294,0.000195808059422679,0.906941486595033,0.000710383728478256,0.00330904817246102,0.0772533414157592,0.00279208386549088,0.000127886226583551,0.00886576999619356,0.376072332492456,0.623927667507544,0.00784455497093269,0.0051105821822306,0.239523011768077,0.368333667315092,0.377871970010878,0.000962500486158806,0.000353713266631171,0.0072713176523824,0.130491330700128,0.0621374178034192,0.0188478681962963,0.215192014898165,0.442697935307249,0.122980840159519,0.000381275282840907,8.08592747172337,15.7179261862917,1.81656234784318,2.23504913166412,115912029596.372,433183,267582.129484241,0.0238225850956896,11393649637.8004,"[1.00e+08,9.07e+11]","[1.00e+08,1.05e+11]",FALSE
"ORG-2941",0.697539241366339,0.302460758633661,0.193191159031447,0.027391485584194,0.0985682606943265,0.071697682254513,0.00151810993804461,0.544868257781436,0.00205668172072467,0.0607083629953143,0.278806745351639,0.59453922962979,0.126654025018571,0.140298547467186,0.00878519045254995,0.107630905786329,0.0598196714663695,0.000104462909967428,0.0185592932353659,0.0590800926390351,0.0122135359527911,0.126654025018571,0.0476313497463574,0.0424150068654318,0.00057078027574242,0.00039535190297655,0.00151443777733994,0.374316530362701,1.08181412857187e-05,0.380746170921898,0.00521941437807716,0.61389895801635,0.000135456683675334,0.207925175462571,0.00157104147967713,9.52925816616285e-05,0.173740834338168,0.262917950126205,0.000135456683675334,0.353614249328043,0.775738539410114,0.224261460589886,0.00728972976803357,0.0170777580617478,0.0870546116292298,0.768623565448818,0.116106512153034,0.00359210449335664,0.000255718445779654,0.0207461533607801,0.163449355220171,0.0899960628188489,0.470096611807475,0.090750044893633,0.0476537941743665,0.11658064457141,0.000727333153315345,3.54120567326168,12.3482384823848,1.24214105780722,1.94909720721324,373850564534.346,294832,1268012.17145475,0.0607586809207761,38191635823.5313,"[1.00e+08,9.07e+11]","[1.00e+08,1.05e+11]",FALSE
"ORG-2942",0.982781092476248,0.0172189075237516,0.15105612265403,0.00226221006694234,0.00735613247284755,0.196320187798549,4.39980179200117e-05,0.0469114849861143,7.8134095367561e-05,0.59597172990823,0.385579413323711,0.565381227967577,0.0490393587087124,0.175982396863161,0.000416106564532476,0.205167780306016,0.00473641331567287,5.38210286787166e-07,0.00199736443373276,0.0132413455642953,0.00243133351051442,0.0490393587087124,0.546891708813762,9.77258878783908e-06,1.35130103524335e-05,4.30750108167591e-05,1.37161413624542e-05,1.51769874842001e-05,3.99970509903949e-07,0.190430710123185,3.40653803599202e-05,0.805004229554759,0.00453099494169628,0.0323449129042141,2.60381599865197e-05,0,0.00417291131424874,0.74858806750683,0.00453099494169628,0.210337075173025,0.993626207121546,0.00637379287845435,0.000895365185334948,0.00246554973763524,0.00149966203862238,0.992738200223416,0.00225690524699742,0.000134250898062682,1.00666699315827e-05,0.0189613287922192,0.00997511297111428,0.155548954810064,0.78481801126187,0.00458221637640337,0.00266162152866561,0.0233914607574978,6.12935021658134e-05,1.30961003012287,3.84429824561404,0.764238832460112,1.32133014043276,26439489850.8963,3759,7033649.86722435,1.34573826595526,2324776849.29774,"[1.00e+08,9.07e+11]","[1.00e+08,1.05e+11]",FALSE
"ORG-2943",0.347057382808613,0.652942617191387,0.238133532930004,0.110919975531033,0.205707680164319,0.0325940877142838,0.399133642637688,0.00113644988659887,0.0113968616390512,0.000977769497022211,0.278631942930348,0.657668464885538,0.0636995921841137,0.149549992487989,0.0914480830905207,0.0256456398949754,0.11649491599471,0.000725696046832152,0.0362329531471917,0.0267051103716421,0.0664776613533598,0.0636995921841137,0.00509120346093882,0.0054543907581283,0.0343816302092477,0.373195496775082,0.00361265346965961,0.00107549873389334,0.000209482021715194,0.882694967059278,0.0291402832508803,0.0878273769033616,0.000337372786479951,0.893211775515918,0.00253901004298306,0.00137257971047813,0.0456110442002412,0.0177801054511822,0.000337372786479951,0.039148112292717,0.243580007681019,0.756419992318981,0.0321047283098615,0.0993308786819507,0.0249060445320869,0.211617515611893,0.625065244276669,0.00299644371736833,0.0039791448701712,0.0133346026927572,0.097698648963834,0.113892908179013,0.14907704294945,0.159012251960784,0.396547882564872,0.0683316951860257,0.00210496750326377,6.0312077979577,9.77830319888734,1.74522129867437,1.92832697944791,82290968742.7074,201301,408795.628152405,0.0434269340812949,15230484103.2863,"[1.00e+08,9.07e+11]","[1.00e+08,1.05e+11]",FALSE
"ORG-2944",0.432221736398905,0.567778263601095,0.21166137124247,0.0148570577542521,0.648009879300076,0.00323330081913552,0.000288102922827712,0.0047791321854809,0.0455407258391236,0.071630429936634,0.536519470395045,0.281755108254242,0.181725421350713,0.17391773604947,0.011258048785123,0.0343557740645768,0.213222926109993,1.86443558529707e-05,0.00371871743464205,0.000332008882734971,0.324508598490503,0.181725421350713,0.00888554567145069,0.0015311348190363,0.000196296038420359,0.000197721732028194,0.0449859450033036,0.00114332575923658,2.15545291466448e-06,0.319174754297854,0.02290981320187,0.657886933449753,2.84990505237632e-05,0.337840138241957,3.87741217953626e-05,0.0059891553361302,0.127762438593078,0.0998218663364412,2.84990505237632e-05,0.428519128320074,0.288512231381832,0.711487768618168,0.0202024548335507,0.0352427371000543,0.205407970377003,0.26859142472213,0.457982927843579,0.012017421872949,0.00055506325073431,0.0315894470370771,0.301344996495275,0.198638171305386,0.118402883700815,0.149047925295186,0.114397344480767,0.0790057371454763,0.00757349454001768,3.54662099451831,12.3611036699705,1.24914018942435,1.90375778487927,76948337172.8405,207463,370901.496521503,0.0505774998029196,8282892995.43191,"[1.00e+08,9.07e+11]","[1.00e+08,1.05e+11]",FALSE
"ORG-2945",0.447110903473139,0.552889096526861,0.832437632841717,0.0273120425302841,0.0988502900611956,0.00519999564766353,0.000305665816770204,0.00536506485843579,0.00356599677117374,0.0269633114727599,0.149938248088765,0.0492380553416524,0.800823696569582,0.127170504128888,0.024781841654695,0.00370808196525203,0.0210834108417035,0.000171313423597541,0.00205858364061244,2.16998816928355e-05,0.0168297649304149,0.800823696569582,0.000170734041919219,0.000449293268596222,0.000795526878003648,0.000244570076741414,0.00124651358630348,0.000434196687597566,1.02684243995464e-05,0.108492728048518,0.00899315156621801,0.882108369729317,0.000405750655946557,0.154229388399553,7.34057639356571e-05,9.03650750097819e-05,0.0649082814899378,0.00690951188854981,0.000405750655946557,0.773383296727068,0.69892980500834,0.30107019499166,0.0383900203412311,0.0271080877552734,0.0896378123797932,0.663837085034331,0.174976147013111,0.00591903283208184,0.000131814644178506,0.0126223571202794,0.266338288053134,0.296185641111982,0.0391782398244178,0.0774655362503171,0.209458555198525,0.0985510932442153,0.000200289197128998,178.244188909259,128.625526537489,2.13116227162311,2.46334344542935,19525464842.8892,62859,310623.217723623,0.156583978025416,1538563382.69575,"[1.00e+08,9.07e+11]","[1.00e+08,1.05e+11]",FALSE
"ORG-3960",0.268850427912114,0.731149572087886,0.915132207713444,0.00200868322670532,0.0202979526658143,0.0267956275129402,0.000501589948661171,0,0.0324059302027287,0.0028580087297064,0.606560239072431,0.35448993883257,0.0389498220949985,0.074035699413147,0.287440983826587,0.519475261292905,0.00656982394869001,0.000314669296065445,0.00014677412739698,0.0267945791663259,0.0125878349429167,0.0389498220949985,8.47647303527664e-06,5.56201971261676e-06,0.000821241374258285,0.00049960513611205,0.0323496668878493,0,0,0.615907044796512,0.230022019864273,0.154007490865881,6.34444733343683e-05,0.853425092630945,0,0,0.0112399016848322,0.00916427540815007,6.34444733343683e-05,0.126107285802739,0.109538179898538,0.890461820101462,0.00167612319576441,0.0108391902553071,0.252645504618967,0.107862254549244,0.626598790702152,-6.85497198630886e-05,0.000446686398428442,-2.08926826616461e-05,0.551396973454736,0.0702720285736003,0.0517058331202252,0.0938082329398761,0.0788949146265832,0.137609754569885,0.0163331553977567,2.78710169254323,9.81284916201117,1.21599768157483,1.73157942592886,15488465910.6193,6090,2543262.05428888,0.794014109167854,2870387043.21282,"[1.00e+08,9.07e+11]","[1.00e+08,1.05e+11]",FALSE
"ORG-4020",0.918173694927747,0.0818263050722529,0.857443126102536,0.0768784706647836,0.0648663286559766,0,0.000812074576704001,0,0,0,0.839743151110165,0.160256848889835,0,0.833528982322144,0.0965290823509397,0.00426353209423594,0.0629156919621908,0,0,0,0.00195063669378575,0,0,0,0,0.000812074576704001,0,0,0,1,0,0,0,1,0,0,0,0,0,0,0.588808067297206,0.411191932702794,0.315451539158396,0.115723047662481,0,0.274172368192895,0.294653044986228,0,0,0.0288514838672672,0.0134104020833721,0.354654153573876,0.00918589823790085,0.0568277767408184,0.0117516676481376,0.525318617848628,0,1.47120177188404,3.61764705882353,0.838828372914411,1.33950649784736,7095562.71403255,142,49968.7515072715,1.073991238052,2083739.44576748,"[1.00e+06,1.00e+07)","[1.00e+06,1.00e+07)",TRUE
"ORG-4383",0.377538025139636,0.622461974860364,0.145302522559555,0.701667046551313,0.125173713980248,0.00143709132419271,0.00543111547997834,0.000228711171199508,0.020674223382363,8.55755511499976e-05,0.677407420159012,0.321164199619007,0.00142838022198098,0.0849178096711515,0.187591002062026,0.0346204290221077,0.0976062975203087,0.0296333881456786,0.510337240477921,0.0013454740036267,0.0178985528421533,0.00142838022198098,0.000748163044656371,0.0049677938367548,0.0132034835107554,0.00441790652753694,0.00589220545517334,0.000228711171199508,0.00516316248696885,1.00008155051847,7.71169310273162e-05,-0.000158667449498274,0,0.994182483254642,0,0.00597618419485626,0,-0.000158667449498274,0,0,0.402078657657005,0.597921342342995,0.0768670738822635,0.07571278330147,0.0896055795018168,0.325336945461716,0.409628172086691,0.00978129222018423,0.0130681535458584,0,0.0938289635758952,0.0797139011886771,0.0622708917316547,0.30073811239182,0.227894898887312,0.233178451554161,0.00237478067048033,5.41882734128047,8.28421052631579,1.61347483879805,1.97054448520293,747274307.019452,6376,117201.114651733,0.17256844151789,283100668.138901,"[1.00e+08,9.07e+11]","[1.00e+08,1.05e+11]",FALSE
"ORG-4404",0.47602903406078,0.52397096593922,0.859047934959534,0.0518376189247966,0.0725183751040514,1.69968664412474e-06,0.00026549720846164,8.9094622043105e-06,0.0163340039306681,-1.40392763603637e-05,0.892067693373051,0.0801635957426406,0.0277687108843086,0.832997839431343,0.0326241755934041,0.0184928029374804,0.0471519726185582,0,0.019180032002685,0,0.0213970190015422,0.0277687108843086,4.3551298690697e-06,5.69074452761394e-05,7.44269621074869e-05,0.000242848531221292,0,8.9094622043105e-06,0,0.707492702928533,0.108957423414863,0.146863680313487,0.0366861933431169,0.837890864874823,0,0,0.00421632708291397,0,0.0366861933431169,0.121206614699147,0.366219673332536,0.633780326667464,0.0299158388857467,0.243496706296317,0.0233694022781088,0.336394266508467,0.256157551404069,0.109214895051263,0.00145133957602927,-0.000126543849681443,0.146167397792203,0.202089290715365,0.14474306809411,0.187642669502217,0.194202639962286,0.119531490772035,0.0057499870114661,3.36686571128367,3.34090909090909,1.34044133196927,1.30689767295061,1079177470.57694,2170,497316.806717485,0.914693682440733,296899562.620646,"[1.00e+08,9.07e+11]","[1.00e+08,1.05e+11]",FALSE
"ORG-4774",0.981492084872644,0.0185079151273561,0.524051470500098,0.300869212145082,0.0861569546803405,0.0239123564633295,0.0548597765568873,0.000212533575581631,0.00993708513359063,6.10945090329461e-07,0.505197903966216,0.452176089814417,0.0426260062193674,0.180630855293839,0.118731484693042,0.0935948919113226,0.039208997240581,0.00177994641155045,0.198758301941953,0.0198103008794853,0.0304339084075514,0.0426260062193674,0.00449578096061012,0.00674170599007817,0.0476047259951065,0.0413672201417772,0.00931252046938219,0.000212533575581631,0.164690819868772,1,0,0,0,1,0,0,0,0,0,0,1.01724267964561,-0.0172426796456107,1.01724267964561,0,0,0,-0.0172426796456107,0,0,0,0.499409393275292,-0.0788975969953691,0.095843468340531,0.421989818029787,0.0616549173497584,0,0,3.1947830646714,5,1.2874065275296,1.51069297696635,7298898428.45994,45512,160373.053886007,0.0177647525749929,4176861548.32144,"[1.00e+08,9.07e+11]","[1.00e+08,1.05e+11]",FALSE
"ORG-4793",0.938084908310992,0.0619150916890079,0.988815016933525,0.0111849830664754,0,0,0,0,0,0,0,1,0,0,1,0,0,0,0,0,0,0,0,0,0,0,0,0,0,1,0,0,0,0.193079710296284,0,0.806920289703716,0,0,0,0,0,1,0,0,0,0,1,0,0,0,0.0619150916815599,0.93808490831844,0,0,0,0,0,1.06191509168156,1.25,0.718251589902136,0.794513457586986,37989732.9440439,2633,14428.3072328309,0.00662849469115981,37989732.9440439,"[1.00e+07,1.00e+08)","[1.00e+07,1.00e+08)",TRUE
"ORG-4955",0.498586237150431,0.501413762849569,0.170144250762502,0.0881158476968395,0.740244020862176,0.000155118052109004,0.00134076262637375,0,0,0,0.556791914610445,0.443208085389555,0,0.164745782101974,0.0702810799768114,0.0122728185337965,0.370674866454266,0.000478784541072721,0.0148125535295581,0.000133705598427791,0.364481975904044,0,0,2.9671020914266e-05,0.00186470677525466,0.000224055563881043,0,0,0,0.859065281574569,0.051091021202163,0.000629956416265379,0.089213740807003,0.910786259192997,0,0,0,0,0.089213740807003,0,0.149623587368438,0.850376412631562,0.0245993435961238,0.402944028183537,0.0856467742883609,0.125633247724689,0.118787968304517,0.0531619851658301,0.189226652736941,0.00877856172831748,0.17453412539063,0.244360687711829,0.0414853546024593,0.194413460823539,0.132014095572338,0.203228791500395,0.00118492267049246,3.15248654388888,4.76521739130435,1.26218690049062,1.55462714263602,535945721.855929,2544,210670.488150915,0.767745599940516,136555039.665946,"[1.00e+08,9.07e+11]","[1.00e+08,1.05e+11]",FALSE
"Uncategorized",0.287475114109211,0.712524885890789,0.603915794217557,0.0946329885931954,0.184943597094234,0.00476901861859822,0.00484713145482029,0.0061548125720389,0.029818127134037,0.0709185303155191,0.605149566081902,0.251779859356864,0.143070574561234,0.118902450972081,0.0531243457703831,0.060522962382362,0.0482619445542257,0.234801811461564,0.0669407748158371,0.00261883656734054,0.123981566450057,0.143070574561234,0.0237668739685135,0.0107964575371479,0.0527101187238365,0.00321891148888132,0.0187310862977608,0.00529280489738164,0.0332584795513933,0.597151678703637,0.0368792248535938,0.364933026830489,0.00103606961228023,0.564390349089212,0.00202032982248443,0.0528287196402842,0.10989960347136,0.165406744212255,0.00103606961228023,0.104418184152124,0.473041386435514,0.526958613564486,0.0250201238648913,0.0454705502906913,0.124689275769758,0.450899722226613,0.337607759222457,0.014607187372213,0.0017053812533765,0.0187308247185434,0.259839361670992,0.0846155412106125,0.0845459744608699,0.226714789593007,0.170785802859773,0.148560867111326,0.00620683837487543,6.67012934006901,32.5739323623797,1.49177807940938,2.42049031763411,583288827206.903,1165082,500641.86658699,0.0173072409679862,58750995184.14,"[1.00e+08,9.07e+11]","[1.00e+08,1.05e+11]",FALSE
