MajorCommandID,pNoEffComp,pEffComp,pPlatOther,pPlatFnC,pPlatEnC,pPlatWnA,pPlatLand,pPlatVessel,pPlatAir,pPlatMnS,pPSRServices,pPSRProducts,pRnD,pPriceFixed,pPriceTime,pPriceCost,pPriceOther,pFeeNone,pFeeRedermination,pFeeEPA,pFeeAward,pFeeIncentive,pFeeEffort,pFeeFixed,pAward,pIDV,pVehPur,pVehFSS,pVehMAC,pVehDef,pVehSAC,pVehOIDV,pVehBPA,pCompNo Comp. (Unlabeled),pNoComp1Source,pNoCompOther,pNoCompFollowOn,pComp1Offer,pComp2Offers,pComp3or4Offers,pComp5pOffers,wavOffers,avOffers,lwavOffers,lavOffers,TotalValue,TotalCount,avSize,lavSize,MaxAnnualValue,pPscPAMS,pPscOther,pPscERS,pPscEnC,pPscMED,pPscFRSnC,pPscLnM,pPscICT,pPscRnD,pPscMnS,pPscEngines,pPscCloth,pPscLand,pPscAir,pPscShips,pPscFuels,TotalThreshold,AnnualThreshold,Exclude
ORG-2757,0,0,0,0,0,0,0,0,0,0,0,0,0,NA,NA,NA,NA,NA,NA,NA,NA,NA,NA,NA,NA,NA,NA,NA,NA,NA,NA,NA,NA,NA,NA,NA,NA,NA,NA,NA,NA,NA,NA,NA,NA,0,4,0,0,0,0,0,0,0,0,0,0,0,0,0,0,0,0,0,0,0,"[0.00e+00,1.00e+06)","[0.00e+00,1.00e+06)",TRUE
ORG-2762,0.924959604,0.075040396,0.201993893,0.3672132,0.387284418,0.043508488,0,0,0,0,0.375608186,0.624391814,0,1,0,0,0,0.986615095,0.005916925,0.00746798,0,0,0,0,0.294222528,0.705777472,0.149966038,0.656098521,0.046060821,0.145036203,0.002838417,0,0,0.461314755,0.043393957,0,0,0.420250891,0.016467057,0.029641694,0.028931646,1.519274579,2.3,0.832626198,1.07381343,25029299.12,97,258034.0116,0.940394677,13671894.18,0.094003313,0.262740533,0.101125841,0.318142792,0.100063363,0.013661088,0.043508488,0.066754581,0,0,0,0,0,0,0,0,"[1.00e+07,1.00e+08)","[1.00e+07,1.00e+08)",TRUE
ORG-2773,0.424295172,0.575704828,0.067173819,0.730683021,0.202113481,0,2.97E-05,0,0,0,0.86905327,0.129921515,0.001025215,0.980900034,0.018996673,0.000103293,0,0.999912703,7.33E-05,-1.41E-06,1.54E-05,0,0,0,0.068322186,0.931677814,0.040241164,0.453592374,0.135928178,0.028088911,0.337818733,5.46E-05,0.004275999,0.000712405,0.003453648,0.053252484,0.002870137,0.403687024,0.169607629,0.31166327,0.054753403,2.219683782,4.143266476,1.086084498,1.440139258,1329852020,15939,83433.84277,0.158819433,227609941.2,0.049592387,0.07023983,0.66933198,0.072401508,0,0.000459438,0,0.136891947,0.000988659,3.86E-05,5.56E-05,0,0,0,0,0,"[1.00e+08,9.07e+11]","[1.00e+08,1.05e+11]",FALSE
ORG-2774,0.259194506,0.740805494,0.173925433,0.635397177,0.187180881,0.000499266,0.002455814,0.000101396,0.000421541,1.85E-05,0.756517975,0.243158461,0.000323564,0.89167127,0.044357003,0.063960527,1.12E-05,0.792502081,0,0.009080051,0,0.171322744,1.12E-05,0.027083924,0.467827258,0.532172742,0.086762018,0.156197418,0.026263353,0.381144844,0.327797126,0.020971695,0.000863547,0.000105666,0.007974249,0.109681772,0.00190516,0.205147997,0.117907902,0.177796778,0.379480476,5.055765237,7.230486685,1.543633422,1.840458365,2170949072,20306,106911.7045,0.10034443,330933773.1,0.041252668,0.153919457,0.032805502,0.067422487,0.003084517,0.575654755,0.000517059,0.111079382,0.000286218,0.000221179,0.003451635,0.004436591,0.002355403,0.002114576,0.000100944,0.001297627,"[1.00e+08,9.07e+11]","[1.00e+08,1.05e+11]",FALSE
ORG-2775,0.114968542,0.885031458,0.959795851,0.038507322,0.001473243,0,7.62E-05,0.000147125,2.10E-07,0,0.04630218,0.953600311,9.75E-05,0.997119767,0.002815486,6.84E-06,5.79E-05,0.086914837,0.004098853,0.908620381,0.000314634,1.12E-05,3.83E-05,1.80E-06,0.041665367,0.958334633,0.002334047,0.005401289,0.014774237,0.039356045,0.937802675,0.000290688,4.10E-05,0.000696133,0.00313752,0.003618422,6.20E-05,0.015436742,0.029914403,0.043510137,0.903624613,23.60278439,18.7031346,2.940692773,2.253753345,1.64845E+11,31384,5252516.879,0.209433719,22513304569,0.005283294,0.017102961,0.001446298,0.000280931,7.58E-06,0.039915116,0,0.000733034,9.23E-05,1.88E-07,0.000358089,0.003248547,1.16E-07,1.95E-07,0.000136772,0.931394628,"[1.00e+08,9.07e+11]","[1.00e+08,1.05e+11]",FALSE
ORG-2776,0.59926765,0.40073235,0.628131559,0.331893653,0.038305888,0.001580633,8.83E-05,0,0,0,0.734761088,0.259144047,0.006094865,0.975858029,0.019686864,0.004455107,0,0.998125026,6.24E-05,0,0,0.001812567,0,0,0.622604075,0.377395925,0.099030022,0.201578293,0,0.523574053,0.175420324,0,0.000397308,0.003715175,0.16363798,0.194662177,5.10E-05,0.236468319,0.156344754,0.183708882,0.06141174,2.462713056,3.671957672,1.133705088,1.346881335,127141825.3,689,184530.9511,1.657624587,23511966.39,0.437475334,0.219869992,0.01537465,0.030094111,0.004420145,0.266884617,0.001526269,0.006588055,0.005885239,0,0.011388023,0,0.000493564,0,0,0,"[1.00e+08,9.07e+11]","[1.00e+07,1.00e+08)",TRUE
ORG-2777,0.173466543,0.826533457,0.156960937,0.81846993,0.021486761,1.61E-05,0.002824406,-1.02E-05,0.000252019,0,0.941533449,0.058040088,0.000426463,0.99953871,0.000448335,1.30E-05,0,0.999794915,8.34E-06,0.000196748,0,0,0,0,0.141273964,0.858726036,0.030743626,0.033281221,0.010195084,0.110546364,0.805128,0.002985986,0.007119718,0.000619826,0.00858346,0.134346816,0.003071566,0.048961395,0.131259527,0.298567139,0.374590272,5.502041231,5.455284553,1.695697305,1.652395507,1042535915,53217,19590.27971,0.018534266,138038224.5,0.115050693,0.045260656,0.053753946,0.012766255,0.000589853,0.761033246,1.47E-05,0.006682241,0.000389338,0.000142469,1.32E-05,0.001226182,0.003029095,0,-9.27E-06,5.74E-05,"[1.00e+08,9.07e+11]","[1.00e+08,1.05e+11]",FALSE
ORG-2778,0.186463065,0.813536935,0.100349811,0.05650929,0.698822884,0.022242929,0.094143916,0.007340079,0.008948481,0.011642611,0.000121492,0.999878508,0,1.000103639,0,-0.000103639,0,0.965160092,0.000965369,0.033978178,0,0,0,-0.000103639,0.489704693,0.510295307,0.413100902,0.003064689,0.061067849,0.076649337,0.446117223,0,0,0.013220505,0.068371205,0.014685281,0,0.090598877,0.606939036,0.093597336,0.11258776,2.962578559,10.31208054,1.241502446,2.115341019,962215706.9,52083,18474.65981,0.004508906,475534541.8,0.000121492,0.152029129,0,0.698188961,0,0,0.022376607,0,0,0.015148321,0.013957066,0.000699551,0.085510861,0.004748558,0.007219453,0,"[1.00e+08,9.07e+11]","[1.00e+08,1.05e+11]",FALSE
ORG-2779,0.157660577,0.842339423,0.474259063,0.370712183,0.13434548,0.004540317,0.009090771,0.005879898,0.000653612,0.000518676,0.010772476,0.989227524,0,0.999472242,0.000240984,0.000286774,0,0.991570079,0.000123235,0.008019911,0,0,0,0.000286774,0.947117599,0.052882401,0.700386455,0.001976896,0.016443303,0.246731144,0.034462201,0,0,0.022819545,0.009337162,0.028351885,0,0.103759578,0.594624734,0.085259071,0.155848025,3.328459976,13.21311475,1.290052919,2.225113014,829396409.3,37397,22178.15358,0.007022005,551182546.8,1.10E-05,0.832655371,0,0.134265961,0,0.01076145,0.004569775,0,0,0.0004999,8.94E-05,3.94E-05,0.009238337,0.000730755,0.00586817,0.001270395,"[1.00e+08,9.07e+11]","[1.00e+08,1.05e+11]",FALSE
ORG-2780,0.429549632,0.570450368,0.206093675,0.255419591,0.270879888,0.00207254,0.01595735,0.000146102,0.249367,6.39E-05,0.003956165,0.996043835,0,0.998925419,5.55E-06,0.000292095,0.000776937,0.983031555,0.000371378,0.01564501,0,0,0.000776937,0.000175121,0.556145102,0.443854898,0.332881782,0.047679378,0.009026875,0.223288708,0.387123258,0,0,0.031011119,0.193385716,0.098160076,0,0.107163556,0.410913367,0.080353617,0.07901255,2.816766604,9.606413994,1.208161804,2.04609162,1374651340,42899,32043.90172,0.007985818,751266654.4,0.003931482,0.401176602,0,0.081751489,0,2.08E-05,0.001886807,3.85E-06,0,0.003752461,0.253632004,0.000350775,0.001427936,0.244489063,0.000846274,0.006730424,"[1.00e+08,9.07e+11]","[1.00e+08,1.05e+11]",FALSE
ORG-2781,0.154197166,0.845802834,0.243805727,0.516217441,0.033786029,8.19E-05,0.001815507,0.197753258,0.006533338,6.75E-06,0.010447734,0.989552266,0,0.894245172,0.105754525,3.03E-07,0,0.776967537,0.000725805,0.221776472,0,0.000530185,0,0,0.157917725,0.842082275,0.147055598,0.001299762,0.118577052,0.011304787,0.721439736,0.000318866,4.20E-06,0.000200006,0.068451451,0.010756692,3.15E-05,0.064869236,0.318392595,0.081282766,0.456015754,6.452509227,12.53928347,1.744509932,2.287731117,22359025461,566444,39472.61417,0.001783837,3115477469,0.000482187,0.737293643,0.000392231,0.032972408,0,0.0088195,8.76E-05,1.94E-05,0,9.25E-06,0.000743049,0.00228472,0.00163188,0.005893656,0.208967878,0.000402575,"[1.00e+08,9.07e+11]","[1.00e+08,1.05e+11]",FALSE
ORG-2783,0.439864232,0.560135768,0.131254593,0.05234924,0.154517978,0.078349872,0.503373069,0.004507908,0.074593872,0.001053468,0.002622003,0.997233717,0.000144281,0.999943876,2.35E-05,3.26E-05,0,0.942000467,0.002462054,0.053299911,0.001180794,0.001056256,0,5.17E-07,0.443619793,0.556380207,0.286574398,0.002184144,0.028008227,0.158066139,0.524435247,0.00060264,0.000129205,0.002375669,0.188903308,0.041212096,0.000273399,0.198164193,0.280453825,0.147246254,0.141371256,3.607516474,12.55647208,1.281385726,2.276214756,14108838570,471598,29917.08737,0.003546059,2040715292,0.000388338,0.165338372,0.001226153,0.081352559,0,0.000748064,0.079762498,4.37E-05,0.000132408,0.001603288,0.162238226,0.002279716,0.478567007,0.022818716,0.00347067,3.03E-05,"[1.00e+08,9.07e+11]","[1.00e+08,1.05e+11]",FALSE
ORG-2784,0.428884091,0.571115909,0.345454799,0.069430793,0.463403175,0.015174364,0.064431329,0.030820079,0.009948102,0.001337359,0.000355806,0.999634126,1.01E-05,0.999909141,5.30E-05,3.78E-05,0,0.975901455,0.001128598,0.022855067,7.57E-05,3.92E-05,0,0,0.814755079,0.185244921,0.665140687,0.004347663,0.002615683,0.149871438,0.163797605,0.012734885,0.00149204,0.001620394,0.146951647,0.043319731,0.000888251,0.234300359,0.202972472,0.151599409,0.218347737,3.776535256,14.51380753,1.345392181,2.253668364,9624647961,454742,21165.07374,0.00209161,1726326871,1.02E-05,0.408127452,0.000279978,0.384961875,0,9.77E-05,0.017261493,3.07E-06,8.42E-06,0.004072555,0.086947191,0.001995238,0.059008612,0.008518135,0.028610471,9.76E-05,"[1.00e+08,9.07e+11]","[1.00e+08,1.05e+11]",FALSE
ORG-2785,0.058950331,0.941049669,0.981255544,0.01810225,0.000431001,7.06E-06,0.000104427,2.16E-05,7.51E-05,2.97E-06,5.64E-05,0.999943631,0,0.999820904,0.000166999,1.21E-05,0,0.941748605,8.46E-05,0.057975354,0,0.000191487,0,0,0.014694096,0.985305904,0.005772155,0.002297667,0.044870734,0.008980794,0.937957701,2.12E-05,9.97E-05,0.000326361,0.009977066,0.005526582,5.25E-05,0.041406896,0.255320869,0.133305718,0.554083965,5.204320095,13.59893048,1.609061139,2.138394551,37032214656,1322135,28009.40498,0.000677464,4582924076,1.65E-05,0.018531122,6.06E-06,0.00030787,0,0,6.14E-06,2.89E-05,0,6.61E-06,8.13E-05,0.980806722,0.000123641,3.21E-05,3.35E-05,1.95E-05,"[1.00e+08,9.07e+11]","[1.00e+08,1.05e+11]",FALSE
ORG-2786,0.057743442,0.942256558,0.952784733,0.034618235,0.012537228,0,4.17E-05,1.11E-06,1.70E-05,0,0.001037976,0.998937505,2.45E-05,1,0,0,0,0.935635286,0,0.064364714,0,0,0,0,0.0220441,0.9779559,0.008492687,7.38E-05,0.033129013,0.013623675,0.942643634,0.001297072,0.000740103,0.000118424,0.0691359,0.019609731,0,0.036119261,0.373526678,0.378187857,0.12330215,3.217444249,5.396464646,1.353463441,1.666264013,38602410725,668593,57736.78564,0.001766463,6751467263,1.27E-05,0.032539069,2.61E-05,0.000255044,0,0.000931792,0,1.83E-05,2.33E-05,0,3.04E-05,0.954526179,3.45E-05,0.011601244,1.06E-06,3.61E-07,"[1.00e+08,9.07e+11]","[1.00e+08,1.05e+11]",FALSE
ORG-2787,0.699574585,0.300425415,0.10683213,0.073337288,0.15748065,0.008550717,0.031572077,0.000375288,0.616913654,0.004938195,0.001775487,0.998236138,-1.16E-05,0.99903663,0.000861091,0.00010207,2.10E-07,0.957725861,0.009560446,0.023096509,0.000154554,0.00937301,2.10E-07,8.94E-05,0.368187108,0.631812892,0.204555208,0.003781614,0.018277972,0.163717412,0.567454287,0.041891173,0.000322334,0.001614392,0.444876506,0.086616224,0.000371858,0.162405757,0.153965475,0.07270317,0.077446619,2.946025757,13.71809623,1.197189555,2.254098032,35073977497,735457,47690.0451,0.003091807,5515072795,0.001496798,0.145448575,6.26E-05,0.123704011,1.81E-07,5.10E-05,0.003683927,2.27E-05,-1.03E-05,0.005886858,0.24584638,0.001097884,0.019239765,0.446828352,0.00046559,0.00617567,"[1.00e+08,9.07e+11]","[1.00e+08,1.05e+11]",FALSE
ORG-2790,0.326498113,0.673501887,0.991146361,0.008041733,0.000718717,2.16E-07,6.74E-05,1.03E-06,2.45E-05,0,0.024405871,0.975594129,0,1,0,0,0,0.973074917,0,0.026925083,0,0,0,0,0.102993289,0.897006711,0.012500976,0.001150885,0.204397489,0.090500149,0.691450501,0,0,0.000753692,0.019175391,0.222735932,0,0.082553288,0.304362657,0.068076884,0.302342156,6.606076808,7.237288136,1.644135834,1.86859225,17493730689,30882,566470.1343,0.036918704,2670304157,0.023300915,0.007989766,0,0.000993743,0,0.000904713,2.03E-07,0,0,0,2.06E-05,0.966617006,6.20E-05,4.49E-05,9.67E-07,6.51E-05,"[1.00e+08,9.07e+11]","[1.00e+08,1.05e+11]",FALSE
ORG-2791,0.660010843,0.339989157,0.239498348,0.045973309,0.711602336,0.000385958,0.000834683,7.98E-05,0.001623163,2.36E-06,0.855690154,0.10761689,0.036692956,0.886327311,0.061966644,0.050134242,0.001571804,0.856931946,4.73E-05,0.00177059,0.000246153,0.106449638,0.001571804,0.032982567,0.187087509,0.812912491,0.021454908,0.358665432,0.197543374,0.166094541,0.16636849,0.019700446,0.07017281,0.004297295,0.082476045,0.082410531,0.009939489,0.480844518,0.155154036,0.073322274,0.111555814,2.609603237,8.171493902,1.0428079,1.735275909,7262264796,21336,340376.1153,0.146001818,1003042056,0.220403573,0.01493067,0.006657213,0.094389,0.00193131,0.033689443,0.000359827,0.589115541,0.034828844,0.000416131,0.000809636,0.000261864,0.000153896,0.001270994,7.39E-05,0.000708181,"[1.00e+08,9.07e+11]","[1.00e+08,1.05e+11]",FALSE
ORG-2825,0.6607117,0.3392883,0.235253515,0.068285284,0.160045524,0.069115497,0.003586228,0.00026904,0.432593997,0.030850915,0.334683879,0.509832466,0.155483655,0.630855393,0.059142922,0.309362741,0.000638944,0.646010684,0.000718168,0.039638252,0.114840133,0.063484991,0.000638944,0.134668827,0.546171807,0.453828193,0.007608232,0.024270273,0.076169351,0.539435477,0.337371774,0.014897635,0.000247258,0.012333881,0.43760292,0.138515822,0.002778134,0.08101988,0.169563268,0.075998974,0.08218712,5.8972252,29.88627451,1.353808046,2.404427367,6.65681E+11,475340,1400430.867,0.037925251,57137813219,0.166164889,0.020834513,0.100990155,0.060175397,0.001062882,0.03524061,0.025416618,0.035488764,0.154606689,0.019177593,0.050968868,0.000963453,0.001479063,0.327064382,0.000227133,0.000138991,"[1.00e+08,9.07e+11]","[1.00e+08,1.05e+11]",FALSE
ORG-2834,0.505864225,0.494135775,0.116651487,0.083979488,0.074654201,0.009655682,0.000230781,1.92E-05,0.000257291,0.714551856,0.251836915,0.252030556,0.496132529,0.323953996,0.016327562,0.659142304,0.000576138,0.305396541,0.001466463,0.002155911,0.421392796,0.11982255,0.000576138,0.149189602,0.84905314,0.15094686,0.004694589,0.030732349,0.045111667,0.846351395,0.070814135,0.002203915,9.19E-05,0.012172829,0.275307704,0.161072779,0.004616643,0.047240437,0.257542216,0.181566573,0.060480819,2.978816473,7.390388609,1.284645669,1.740440323,1.13117E+11,53249,2124296.043,0.209449937,10921689079,0.118392439,0.01061512,0.049682598,0.014673273,0.000918457,0.072042908,7.74E-05,0.028121153,0.478714272,0.215056377,0.000195989,0.000392085,0.000298094,0.01072037,1.75E-05,8.20E-05,"[1.00e+08,9.07e+11]","[1.00e+08,1.05e+11]",FALSE
ORG-2835,0.327840213,0.672159787,0.472713847,0.327586502,0.147716936,0.002092079,0.006742501,0.000354034,0.042739589,5.45E-05,0.601185812,0.159063675,0.239750513,0.581201772,0.024609451,0.382739242,0.011449535,0.589405423,0.00027359,0.006237914,0.078551056,0.003054692,0.011449535,0.31102779,0.307582446,0.692417554,0.057437192,0.116210466,0.111267171,0.251154142,0.456476623,0.006300235,0.001154171,0.010232713,0.02147469,0.125508787,0.003476461,0.18113772,0.291470045,0.194343818,0.172355766,3.725156501,9.571428571,1.337248292,1.982284642,28530287330,103837,274760.3198,0.087659778,4016880662,0.2051359,0.066365198,0.054078737,0.069045841,0.024837037,0.260028649,0.001751591,0.072390732,0.226195545,0.000311623,0.001438948,0.009108294,0.006096708,0.002519864,0.000251869,0.000443464,"[1.00e+08,9.07e+11]","[1.00e+08,1.05e+11]",FALSE
ORG-2836,0.432374019,0.567625981,0.286136859,0.643665219,0.06020146,0.000659387,0.005427337,0.001034548,0.002866671,8.52E-06,0.879885982,0.118997703,0.001116316,0.877138591,0.074944297,0.047897387,1.97E-05,0.850176449,0,0.008197537,0.141606289,0,1.97E-05,0,0.432930638,0.567069362,0.06627495,0.095597093,0.045926099,0.372272286,0.412649239,0.002009048,0.005271285,0.009268582,0.020453061,0.202516022,0.003220736,0.226891112,0.148211296,0.255478358,0.133960833,3.409236436,7.352281227,1.290509223,1.791897633,11275059733,50966,221227.0873,0.089209813,1601491928,0.25212818,0.069450557,0.034551446,0.032211326,0.010542915,0.561338834,0.000476138,0.02046947,0.001144949,0.000282156,0.00088577,0.007277772,0.002823652,0.003409641,0.000804603,0.002202591,"[1.00e+08,9.07e+11]","[1.00e+08,1.05e+11]",FALSE
ORG-2837,0.146682528,0.853317472,0.273736151,0.566911218,0.138471959,0.001846291,0.014012238,0.00073928,0.004265859,1.70E-05,0.718865831,0.280791629,0.00034254,0.99851804,0.00148196,0,0,0.999549861,0,0.000177989,0.000272149,0,0,0,0.139046024,0.860953976,0.090027794,0.459471247,0.037824104,0.050572734,0.298894598,0.055647125,0.007562398,0.019837934,0.011633151,0.042348273,0.005339167,0.266949253,0.127458541,0.47068344,0.055750241,2.708472371,7.204,1.202482259,1.552689272,7263049542,48754,148973.4082,0.089616746,749031649.1,0.177477203,0.14409011,0.048352403,0.102084312,0.01393053,0.456933821,0.001036178,0.025501975,0.000322905,0.000583238,0.001782863,0.014852845,0.008810032,0.002583225,0.000383541,0.001274817,"[1.00e+08,9.07e+11]","[1.00e+08,1.05e+11]",FALSE
ORG-2838,0.308147027,0.691852973,0.245858305,0.617958638,0.126093765,0.000596409,0.003080009,4.12E-05,0.006371683,0,0.799073343,0.199986527,0.00094013,0.948939384,0.015551348,0.035509268,0,0.967776791,0.001895137,0.004046856,0,0.000405917,0,0.025875299,0.520499654,0.479500346,0.031873554,0.139553653,0.11132939,0.490971375,0.21030205,0.007236269,0.008733707,0.008134572,0.029850334,0.144090508,0.008422187,0.117401423,0.077541185,0.178346662,0.43621313,7.139815041,7.445081967,1.736009918,1.807434266,2512903226,14874,168946.0283,0.225017032,361784803.5,0.25719561,0.078491073,0.014286287,0.110771322,0.000901723,0.49809498,0.000532392,0.022829735,0.000861265,0.000265565,0.000623285,0.008945512,0.002528375,0.003193368,3.05E-05,0.000448972,"[1.00e+08,9.07e+11]","[1.00e+08,1.05e+11]",FALSE
ORG-2839,0.327462311,0.672537689,0.233044534,0.692786614,0.068375242,0.00012806,0.000385591,1.43E-05,0.004457904,0.000807744,0.812745899,0.140306419,0.046947682,0.960243542,0.024265611,-0.000108184,0.01559903,0.896931998,0.000713255,0.002104922,0.084807308,-0.000156515,0.01559903,0,0.527412891,0.472587109,0.063527932,0.026224192,0.110138972,0.463912673,0.332570357,6.61E-05,0.003559776,0.00810382,0.085900621,0.180758281,0.002955456,0.049657255,0.166069055,0.229654946,0.276900567,4.953566855,6.631520533,1.616906421,1.768192013,2128549621,10959,194228.4534,0.295144631,254286352,0.129880347,0.066746066,0.010186431,0.03368968,0.06495421,0.585586748,8.13E-05,0.020732019,0.050645735,0.000775194,0.000318097,0.033461459,0.000371647,0.002581055,1.85E-06,-1.19E-05,"[1.00e+08,9.07e+11]","[1.00e+08,1.05e+11]",FALSE
ORG-2840,1,0,0,1,0,0,0,0,0,0,1,0,0,1,0,0,0,1,0,0,0,0,0,0,1,0,1,0,0,0,0,0,0,0,0,0,0,1,0,0,0,1,1.25,0.693147181,0.794513458,29102.87233,5,5820.574465,2.055725303,29102.87233,0,0,1,0,0,0,0,0,0,0,0,0,0,0,0,0,"[0.00e+00,1.00e+06)","[0.00e+00,1.00e+06)",TRUE
ORG-2841,0.336122981,0.663877019,0.607277895,0.023498509,0.079656896,0.289108975,0.000155506,0,0,0.000302219,0.943197439,0.056059579,0.000742982,0.133928029,-3.36E-05,0.866105579,0,0.134281636,0,0,0,0,0,0.865718364,0.060853083,0.939146917,0.015391043,0.063270313,0.734443123,0.045466724,0.137967113,0.003312946,0.000148739,0.005629139,0.008935684,0.144726978,0.000568746,0.176262434,0.116907374,0.133122025,0.413847621,4.856149627,4.443223443,1.552399568,1.468479458,516745676.3,2034,254053.9215,0.916160408,73436221.95,0.897522413,0.014071653,0.000603803,0.041598569,0,0.00874584,0,0.036539937,0.000720486,0,0,1.03E-05,0.000124179,6.28E-05,0,0,"[1.00e+08,9.07e+11]","[1.00e+07,1.00e+08)",TRUE
ORG-2842,0.48086232,0.51913768,0.245306482,0.47936595,0.24051559,0.003164981,0.007013669,0.001876787,0.022728538,2.80E-05,0.632074131,0.36806659,-0.000140721,0.975952449,0.005172885,0.018874666,0,0.952398091,0.001271691,0.032034188,0.000405197,0.000121455,0,0.013769379,0.436615104,0.563384896,0.070897243,0.237388848,0.103374468,0.366369268,0.19575348,0.025963995,0.000252699,0.004846802,0.035133578,0.267475746,0.018622878,0.154521691,0.073482466,0.258263005,0.187653834,4.521841844,7.001904762,1.478185988,1.807708369,2216725972,17989,123226.7481,0.153109258,256787491.9,0.190228661,0.144114036,0.033247434,0.152752978,0.010885548,0.321321607,0.001996682,0.076398903,-0.00012981,0.001163867,0.00561577,0.037621032,0.006769902,0.016157236,0.001826866,2.93E-05,"[1.00e+08,9.07e+11]","[1.00e+08,1.05e+11]",FALSE
ORG-2843,0.299231308,0.700768692,0.262432531,0.545424205,0.091826408,0.000591299,0.00269988,0.000898267,0.096115139,1.23E-05,0.853654948,0.123151464,0.023193589,0.889246762,0.005168892,0.105492366,9.20E-05,0.784352996,0.003263618,0.008210087,0.046459294,0.128118328,8.87E-05,0.029506948,0.412434743,0.587565257,0.060445991,0.113556142,0.137465272,0.356826863,0.322891127,0.007395344,0.001419261,0.016056688,0.028962013,0.171660614,0.003841585,0.108518989,0.150332391,0.183111932,0.33751579,5.831763695,9.783278328,1.639657206,2.0197745,24244758265,97528,248592.7966,0.074064479,2934389199,0.219104899,0.05091271,0.137996241,0.053747497,0.025967844,0.435997554,0.000574112,0.035511264,0.022576022,0.000330313,0.000542106,0.013250866,0.001248487,0.001594716,0.000399065,0.000246304,"[1.00e+08,9.07e+11]","[1.00e+08,1.05e+11]",FALSE
ORG-2844,0.404999532,0.595000468,0.656652707,0.210706743,0.124298776,0.000396433,0.001577565,0.000158315,0.006193075,1.64E-05,0.90496766,0.091629685,0.003402656,0.974950871,0.01049568,0.01368752,0.00086593,0.977027043,0.000235221,0.007627064,0.013529445,0.000274936,0.00086593,0.000440361,0.160318759,0.839681241,0.04532731,0.093020282,0.573540591,0.115813177,0.15943265,0.011287276,0.001578714,0.019558593,0.059741932,0.166698899,0.004188829,0.153460457,0.090735854,0.198219041,0.307396394,7.278455381,13.866078,1.67356749,2.183213149,28031925613,81360,344541.8586,0.061338174,4720258574,0.35816883,0.033617567,0.274618267,0.051619053,0.013464299,0.182736838,0.00022895,0.072153324,0.003693045,0.000177824,0.000951585,0.004812476,0.001050525,0.002443274,0.000145332,0.000118811,"[1.00e+08,9.07e+11]","[1.00e+08,1.05e+11]",FALSE
ORG-2845,0.414542102,0.585457898,0.604244294,0.15898375,0.190330303,0.000298052,0.00189938,8.21E-05,0.043401277,0.000760833,0.927356846,0.061705991,0.010937164,0.771443365,0.041135191,0.177734357,0.009687088,0.716374394,-0.00140496,0.03283022,0.100376625,0.0760276,0.009687088,0.066109033,0.530051975,0.469948025,0.03141995,0.136996823,0.103769585,0.499535818,0.221763335,0.003961144,0.002553344,0.006373943,0.06140208,0.158782713,0.00776598,0.175164492,0.081409286,0.233183984,0.275917523,4.472924614,6.826593557,1.489221132,1.7143407,7297435388,19285,378399.5534,0.282864262,1199614947,0.542482721,0.020497918,0.085535965,0.033991465,0.028923016,0.122156728,0.00013094,0.148284344,0.010395087,0.00080029,0.000404345,0.005014987,0.000840206,0.000399445,7.66E-05,6.59E-05,"[1.00e+08,9.07e+11]","[1.00e+08,1.05e+11]",FALSE
ORG-2848,0.425649145,0.574350855,0.097261014,0.772276797,0.117898218,0.006803342,0.003781002,0.000680077,0.001299549,0,0.840552538,0.159447462,0,0.977151841,0,0.022848159,0,0.989026314,0.000198721,0.000996818,0.008276778,0,0,0.001501368,0.264371341,0.735628659,0.060788512,0.066169147,0.02813728,0.203824629,0.639549725,0.001530706,0,0.213833399,0.03036572,0.14349915,0,0.032785105,0.088446227,0.185269969,0.30580043,6.257590463,5.54787234,1.809214579,1.721044207,635348045.9,3559,178518.6979,0.071753003,252430725.1,0.061434078,0.068275219,0.053417688,0.081385363,0.00453273,0.696031144,0,0.025136898,0,0,0.00143902,0.003509505,0.002925647,0.000497751,0.000526766,0.000888191,"[1.00e+08,9.07e+11]","[1.00e+08,1.05e+11]",FALSE
ORG-2849,0.217481331,0.782518669,0.254367368,0.592095686,0.114889551,0.008034244,0.022696185,0.00755222,0.000364746,0,0.717486081,0.281478325,0.001035594,0.733937348,0.003108573,0.262954079,0,0.737045921,0,0,0.251517678,0,0,0.011436401,0.604314684,0.395685316,0.186183233,0.201916458,0.012700374,0.426508257,0.171873659,0,0.000818019,0.088124253,0.013127612,0.112062036,0,0.112222215,0.398207995,0.187692447,0.088563442,2.78741851,3.5,1.246189917,1.352804301,90763654.81,597,152032.9226,0.337663278,32686185.5,0.198663203,0.152179153,0.022635411,0.076872618,0.002557401,0.474035528,0.008034244,0.019594539,0.001035594,0,0.011613597,0.01017801,0.014683737,0.000364746,0.00755222,0,"[1.00e+07,1.00e+08)","[1.00e+07,1.00e+08)",TRUE
ORG-2854,0.220285763,0.779714237,0.363656641,0.331093435,0.173692912,0.000993443,0.001521103,0.012214657,0.116622704,0.000205106,0.855253823,0.117769922,0.026976255,0.652391116,0.028376124,0.319232761,0,0.679480128,0.00025166,0.006417495,0.291580819,0.001139928,0,0.021129971,0.438995653,0.561004347,0.041757512,0.132272264,0.055167603,0.398410531,0.370973266,0.001112898,0.000305925,0.083963751,0.038222313,0.027368263,3.00E-05,0.070642637,0.462698933,0.163646876,0.153427241,3.492249889,9.74368932,1.339385158,1.819871729,6196352708,24055,257591.05,0.018234926,2208425427,0.298092179,0.056603514,0.140474015,0.052506264,0.001988495,0.295378429,0.000508115,0.119320706,0.026976255,0.000277055,0.000787831,0.005654888,0.00066314,0.000206312,0.000158057,0.000404746,"[1.00e+08,9.07e+11]","[1.00e+08,1.05e+11]",FALSE
ORG-2855,0.292915499,0.707084501,0.282611492,0.605811405,0.044016546,0.003580309,0.058841441,0.000122205,0.004929586,8.70E-05,0.815507768,0.18432435,0.000167882,0.82963779,0.000787599,0.16957461,0,0.96153303,0,0,0.03846697,0,0,0,0.245204272,0.754795728,0.182270115,0.508620463,0.076656045,0.083587583,0.145311931,0.003553862,0,0.081237362,0.069236917,0,0,0.264157979,0.14448149,0.382171453,0.058714799,2.748198625,3.294117647,1.228565115,1.31162787,3635419775,9318,390150.2227,0.040054573,1332936506,0.127197495,0.119997474,0.180984475,0.027287459,0.001822465,0.491599708,0.001441598,0.013903625,0.000167882,0.000174701,0.010625162,0.009850765,0.006911942,0.000775985,6.22E-05,0.007197035,"[1.00e+08,9.07e+11]","[1.00e+08,1.05e+11]",FALSE
ORG-2856,0.513526869,0.486473131,0.133448064,0.509077885,0.353113083,0.001210512,0.000921968,0.000129294,0.002092025,7.17E-06,0.642829013,0.35642898,0.000742007,0.859747543,0.000734004,0.139518453,0,0.860532878,0,0,0.139467122,0,0,0,0.403858151,0.596141849,0.162283827,0.187792692,0.035973704,0.243332914,0.3682635,0.002315007,3.84E-05,0.168232063,0.00453563,0.086982265,0,0.251742936,0.323615196,0.049789913,0.115101996,11.19420794,10.70621469,1.277831107,1.801291802,811868987.5,6524,124443.4377,0.045513885,294032299,0.115776394,0.052502684,0.017659949,0.292849712,0.006786725,0.445406016,0.000586136,0.05719993,0.000742007,0.000148016,0.001255908,0.006333853,0.00071707,0.001101971,0.000125192,0.000808437,"[1.00e+08,9.07e+11]","[1.00e+08,1.05e+11]",FALSE
ORG-2858,0.404015801,0.595984199,0.887291972,0.016368339,0.093638244,0.000404987,0.00200857,0.000281732,6.16E-06,0,0.946738461,0.052652416,0.000609123,0.976176611,0.013514262,0.010309127,0,0.744406069,1.37E-06,0.248383351,0.002110933,0,0,0.005098273,0.06245413,0.93754587,0.014040775,0.029118368,0.54415187,0.048861857,0.36118455,0.002595761,4.68E-05,0.01485864,0.004047985,0.005390579,0.045448758,0.348315181,0.150076691,0.073759688,0.358102479,5.890589178,8.723214286,1.520045666,1.609050438,3517013404,2935,1198300.989,0.164616381,1104803210,0.037659249,0.027068065,0.825128767,0.021038558,0,0.011511061,0.000525959,0.072439384,0.000609123,0,0.000147046,0.000889041,0.002723443,0,0.000259127,1.18E-06,"[1.00e+08,9.07e+11]","[1.00e+08,1.05e+11]",FALSE
ORG-2860,0.083247016,0.916752984,0.583148271,0.155711109,0.035551282,0.00361081,0.218449377,0,0.003529151,0,0.88981575,0.11018425,0,1,0,0,0,1,0,0,0,0,0,0,0.319649456,0.680350544,0.306225835,0.680350544,0,0.013423621,0,0,0,0.050426993,0,0,0,0.249597879,0.176997733,0.458638316,0.064339079,2.685140115,3,1.211417246,1.231044971,514146396.5,718,716081.3322,0.338619321,270273052.3,0.586874108,0.050909131,0.237320294,0.024346213,0.001254029,0.059726624,0.003428611,0.004640696,0,0,0.001247985,0.007894599,0.01882856,0.003529151,0,0,"[1.00e+08,9.07e+11]","[1.00e+08,1.05e+11]",FALSE
ORG-2861,0.620157992,0.379842008,0.715150861,0.012235745,0.264760548,0.007548144,0.000148743,0.000155959,0,0,0.761586557,0.098998541,0.139414902,0.539063794,0.0290997,0.431836506,0,0.56611443,0.002347247,0.003431974,0.003022866,0,0,0.425083483,0.43929893,0.56070107,0.013958274,0.17089177,0.200846869,0.431180047,0.180722936,0.002008484,0.000391619,0.283989988,0.03018577,0.124294171,0,0.181703326,0.300602432,0.042365171,0.036859142,2.269844114,3.488235294,1.073077553,1.318016949,4417893472,4976,887840.328,0.081410168,2260116623,0.283630302,0.00929044,0.000213833,0.088232475,0.299785583,0.001443736,0.000119657,0.176513103,0.139414902,0,0,0.001053321,0.000132073,0,0.000155959,1.46E-05,"[1.00e+08,9.07e+11]","[1.00e+08,1.05e+11]",FALSE
ORG-2862,0.286061983,0.713938017,0.041465182,0.776975478,0.170561624,0.002403852,0.007091992,7.69E-05,0.001154222,0.000270797,0.804070818,0.195929182,0,0.993552216,0.006447784,0,0,0.997950792,0,0,0,0.002049208,0,0,0.120859255,0.879140745,0.080450741,0.528419398,0.021957989,0.040934315,0.323726819,0.004510738,0,0.043077439,0.050608899,0.020136114,0,0.465802815,0.31199121,0.054772552,0.053610971,1.848018137,3.838235294,0.966157393,1.397127476,977925646.2,4515,216594.8275,0.06298194,353745974.9,0.022108389,0.103421706,0.03739814,0.074953186,0.004335766,0.648177143,0.001646388,0.09205138,0,0.000556875,0.002938588,0.007148743,0.003902141,0.00107773,0,0.000283825,"[1.00e+08,9.07e+11]","[1.00e+08,1.05e+11]",FALSE
ORG-2863,0.346768943,0.653231057,0.249853352,0.600162406,0.096996544,0.024800484,0.026008693,0.000301661,0.00187686,0,0.862266496,0.137603338,0.000130166,0.663691339,0.016778494,0.312834632,0.006695535,0.670737475,0.000366957,0.025300371,0.233976238,0.001525217,0,0.068093742,0.487481998,0.512518002,0.073568121,0.13609477,0.072243849,0.417393064,0.298620243,0.001841841,0.000238113,0.135774084,0.043995687,0.060117531,1.68E-05,0.10678812,0.176442246,0.126068726,0.350796843,5.227305533,8.458158996,1.628014631,1.880521003,4069135044,23366,174147.6951,0.017490974,1530148864,0.219197369,0.050520983,0.082452825,0.060703344,0.002187947,0.525936138,0.000855514,0.032492216,0.000130166,0.001218975,0.00247241,0.011698725,0.00766801,0.001529363,0.00027423,0.000661785,"[1.00e+08,9.07e+11]","[1.00e+08,1.05e+11]",FALSE
ORG-2869,0.332205809,0.667794191,0.342271193,0.462384718,0.163970587,0.001648759,0.017562928,0.000498985,0.010370713,0.001292117,0.696398989,0.300471789,0.003129223,0.978207325,0.014343774,0.004802297,0.002646604,0.986003139,0.000109576,0.00289338,0.004607567,0.003406501,0.002646604,0.000333233,0.37389317,0.62610683,0.10475349,0.219989949,0.12314331,0.269832568,0.253374516,0.018776937,0.01012923,0.015455813,0.029768024,0.10056586,0.010419993,0.175601867,0.110321558,0.263162687,0.294704199,5.34660642,12.83246569,1.554917756,2.174141948,32840908946,370131,88727.79893,0.016880584,3596940686,0.323822602,0.102839111,0.016638881,0.134383782,0.013097201,0.324512305,0.001532421,0.022555461,0.003095316,0.002368272,0.008587338,0.024770459,0.011575362,0.008263023,0.00046548,0.001492987,"[1.00e+08,9.07e+11]","[1.00e+08,1.05e+11]",FALSE
ORG-2870,0.198396985,0.801603015,0.900632732,0.018672113,0.073212971,0.001305654,0.001338324,0.004785313,5.29E-05,0,0.958587966,0.041397921,1.41E-05,0.997326999,0.002520643,1.52E-07,0.000152206,0.553760877,0.00094033,0.445146588,0,0,0.000152206,0,0.071681505,0.928318495,0.015819395,0.038763408,0.603881934,0.055954028,0.275295328,0.010203633,8.23E-05,0.010925038,0.024896497,0.018950149,0.004583514,0.146030782,0.117370194,0.384880739,0.292363087,8.610358937,7.733333333,1.702487343,1.530793828,4388438197,4156,1055928.344,0.242445203,1815163268,0.069495246,0.003883112,0.834938934,0.029937344,1.71E-05,0.011152589,-3.49E-05,0.042984101,1.41E-05,1.01E-06,0.000452131,7.79E-05,0.002193349,2.74E-05,0.004725345,0.000135214,"[1.00e+08,9.07e+11]","[1.00e+08,1.05e+11]",FALSE
ORG-2871,0.449924536,0.550075464,0.206598347,0.019762881,0.031158851,0.008627685,0.000823405,0.00107638,0.002601543,0.729350908,0.195882645,0.047425901,0.756691454,0.124829767,0.09401455,0.756555207,0.024600476,0.256564417,1.72E-06,3.71E-05,0.334031301,0.090520128,0.024600476,0.294244886,0.63772961,0.36227039,0.006272812,0.007041404,0.214904378,0.631469753,0.140130347,0.0001006,8.07E-05,0.016076127,0.235057768,0.109898422,0.001981092,0.095881299,0.219871456,0.176828702,0.144405135,6.858046647,24.67310345,1.440485537,2.050619476,33396688508,20295,1645562.38,0.399304515,3300491152,0.165868553,0.005085309,0.008467773,0.013468708,1.22E-05,0.010811759,0.002486697,0.018215996,0.749543773,0.000285058,3.94E-05,0.022452664,0.001059316,0.00114032,0.001062369,1.01E-07,"[1.00e+08,9.07e+11]","[1.00e+08,1.05e+11]",FALSE
ORG-2872,0.215098313,0.784901687,0.089132352,0.869929413,0.035397034,0.000457726,0.000844942,0.004080191,0.000111451,4.69E-05,0.932422877,0.047981801,0.019595322,0.918661164,0.007903852,0.073068277,0.000366706,0.925028402,6.60E-05,0.0052748,0.023180634,0.010605058,0.000365688,0.035479397,0.527484265,0.472515735,0.018456294,0.019010564,0.200611099,0.509175861,0.249966145,0.001918505,0.000861533,0.006689371,0.018510649,0.101440927,0.007502507,0.08567444,0.146247803,0.251280971,0.382653332,6.292153621,14.16671563,1.709068967,2.239203499,2.68495E+11,549229,488857.1532,0.025813309,33990464498,0.129656208,0.0263485,0.016869359,0.013670562,0.000229155,0.774393957,0.000198295,0.011789413,0.018999502,0.00014463,0.002122161,0.001853051,0.000693744,0.000127197,0.002437644,0.000466621,"[1.00e+08,9.07e+11]","[1.00e+08,1.05e+11]",FALSE
ORG-2873,0.563174422,0.436825578,0.73764451,0.10057618,0.160568021,8.73E-05,0.00106275,4.83E-05,1.30E-05,0,0.57270737,0.190696066,0.236596564,0.545545431,0.084097585,0.370356984,0,0.731942959,0.00018364,3.81E-05,0.023170596,0,0,0.244664732,0.449486709,0.550513291,0.08984069,0.200375987,0.082555478,0.35991841,0.265661619,0.001547927,9.99E-05,0.091459288,0.074533621,0.055765286,0.000533178,0.341603959,0.19340088,0.117977061,0.124726726,39.03518537,70.19061166,1.364627098,1.995464082,3379648051,11958,282626.5304,0.069774396,1134903835,0.341857376,0.056361759,0.004219422,0.043162422,0.064243443,0.04718034,3.95E-05,0.11520679,0.236596564,9.79E-05,0.000335901,0.089574186,0.000975579,1.58E-05,3.42E-05,9.89E-05,"[1.00e+08,9.07e+11]","[1.00e+08,1.05e+11]",FALSE
ORG-2874,0.680842068,0.319157932,0.849512119,0.107559268,0.027209257,0.004445876,0.009711059,0.000261877,0.001299948,5.96E-07,0.123053587,0.860749208,0.016197205,1,0,0,0,0.9977576,0,0.0022424,0,0,0,0,0.414785193,0.585214807,0.15079931,0.156448239,0.049850442,0.290566392,0.351989189,0.000346428,0,0,0.284478941,0.019649717,0.0002639,0.343967138,0.045025165,0.086418573,0.220196566,3.989846741,8.596774194,1.286513634,1.875380943,37439366367,120514,310664.0421,0.015479381,8213802446,0.033886449,0.797995618,0.020992315,0.017570964,0.000746283,0.064954805,0.004445413,0.002473735,0.016197205,0.000176793,0.003527798,0.015321004,0.00833642,0.001364016,0.000259741,0.011751441,"[1.00e+08,9.07e+11]","[1.00e+08,1.05e+11]",FALSE
ORG-2875,0.528617086,0.471382914,0.820767616,0.142303108,0.036360159,0.000167844,0.000148563,0.000247789,4.16E-06,7.61E-07,0.745508314,0.2535667,0.000924985,0.979555894,0.005544367,0.014868197,3.15E-05,0.960419473,0.000291041,0.029346801,0.001485775,0.000125202,3.15E-05,0.008300166,0.421973535,0.578026465,0.236312206,0.145359491,0.125725718,0.19356684,0.291614361,0.002079309,0.005342076,0.050127353,0.106818535,0.163244195,0.017672506,0.208549271,0.155131726,0.084612561,0.213843853,5.644790559,10.57410882,1.467059629,1.95565681,17454616780,132901,131335.4811,0.062867548,1738532721,0.102643366,0.070050488,0.018494092,0.015642546,0.504219261,0.101098072,0.000110703,0.020181261,0.000862937,1.57E-05,0.000164967,0.166156309,0.000111613,8.43E-05,0.00016223,2.10E-06,"[1.00e+08,9.07e+11]","[1.00e+08,1.05e+11]",FALSE
ORG-2876,0.396573115,0.603426885,0.353555996,0.390358467,0.210110263,0.004342759,0.032083507,0.003297701,0.006142934,0.000108373,0.765247699,0.225255528,0.009496772,0.767977972,0.046774309,0.184507138,0.000740581,0.797909698,0.001616982,0.007922975,0.13113879,0.009984377,8.29E-05,0.051344236,0.397330679,0.602669321,0.103789442,0.132398212,0.12830484,0.294146978,0.33360248,0.007741863,1.62E-05,0.042368782,0.056337596,0.143719135,0.007427478,0.175189513,0.169520747,0.193071456,0.212365293,6.967433346,19.65232358,1.456123054,2.112726367,92640799449,539099,171843.7605,0.012233619,17919135900,0.289859193,0.07146029,0.067013669,0.118873698,0.003746609,0.320148037,0.00161438,0.084480192,0.009496772,0.000599004,0.002180848,0.015909101,0.011018587,0.001587819,0.000619684,0.001392118,"[1.00e+08,9.07e+11]","[1.00e+08,1.05e+11]",FALSE
ORG-2877,0.588648376,0.411351624,0.303451743,0.098465381,0.147574154,0.100301734,0.179023846,0.000947647,0.123248769,0.046986725,0.33844058,0.569766317,0.091793103,0.69318017,0.084988859,0.219365241,0.00246573,0.779968901,0.004725146,0.013717938,0.034478124,0.036553273,0.002464505,0.128092113,0.511027161,0.488972839,0.015004516,0.018896162,0.135011856,0.496383517,0.330035015,0.003387866,0.001281067,0.030767172,0.410079874,0.090876064,0.003806217,0.108222964,0.125401526,0.118776711,0.112069471,8.372298936,49.4382481,1.415242011,2.448566487,9.07434E+11,965907,939462.9847,0.01777215,1.04643E+11,0.224777552,0.043430968,0.033728689,0.092416351,0.000469331,0.060070604,0.074943829,0.025607697,0.090164681,0.05416551,0.024322327,0.013917362,0.157705803,0.103406476,0.000627273,0.000245547,"[1.00e+08,9.07e+11]","[1.00e+08,1.05e+11]",FALSE
ORG-2878,0.280529467,0.719470533,0.607748145,0.117129749,0.258700357,0.007902334,0.003074206,7.12E-05,0.005140859,0.000233194,0.675513934,0.131312562,0.193173504,0.219432022,0.029182435,0.751226097,0.000159446,0.332788077,0,0.000631265,0.497266129,0,0.000159446,0.169155083,0.639460963,0.360539037,0.049902454,0.038355959,0.073702716,0.589806643,0.239925451,0.008132286,0.000174491,0.036098538,0.05295618,0.06200175,0.001407219,0.102517896,0.459861368,0.197564701,0.087592349,5.223820408,4.822259136,1.324993596,1.388228032,2258602267,6435,350987.1433,0.359462363,621399236.3,0.407218758,0.039217112,0.005226586,0.071610175,0.000219364,0.083991871,0.007815307,0.178855278,0.19317474,0.000263215,0.00211287,0.002502591,0.002910158,0.004767384,7.12E-05,4.34E-05,"[1.00e+08,9.07e+11]","[1.00e+08,1.05e+11]",FALSE
ORG-2879,0.713463024,0.286536976,0.703131306,0.022764313,0.263777801,0.009985809,0.00030996,-1.12E-06,3.10E-05,9.42E-07,0.821243817,0.062295552,0.116460631,0.646085902,0.055569018,0.298324923,2.02E-05,0.710328591,0.000159384,0.000276158,0.012521393,0.005463002,2.02E-05,0.271231317,0.409103296,0.590896704,0.02743891,0.232674588,0.129354002,0.382446481,0.223850682,0.004218636,1.67E-05,0.020831399,0.131295657,0.296738834,0.00480841,0.266426209,0.117361142,0.060874437,0.101663911,3.396612431,7.867241379,1.185609971,1.554320193,10560704195,11704,902315.8062,0.171928368,3034956564,0.353321519,0.009743644,0.00059841,0.051038679,0.242532855,0.012663508,7.43E-05,0.212127525,0.116460631,0,1.77E-06,0.001144681,0.000256637,2.83E-05,7.48E-06,0,"[1.00e+08,9.07e+11]","[1.00e+08,1.05e+11]",FALSE
ORG-2880,0.303968406,0.696031594,0.787873194,0.007388505,0.203412677,0.000434358,0.000307279,2.73E-05,0.000550355,6.36E-06,0.838832406,0.117236359,0.043931235,0.144166104,0.101201933,0.652223713,0.10240825,0.273889183,0.000417697,0.002389672,0.394648052,0.00038486,0.10240825,0.225862286,0.100996439,0.899003561,0.018592676,0.037489369,0.12162464,0.082542502,0.738851514,0.00083526,6.40E-05,0.007312635,0.042060256,0.141563829,0.001352445,0.107103479,0.12910806,0.27267595,0.298823346,3.966821338,5.021084337,1.48532344,1.451281839,14677043065,12840,1143071.89,0.452649434,2299955219,0.733984836,0.011965482,0.000670154,0.100741077,2.90E-05,0.003528189,0.000159526,0.102259486,0.045468804,2.76E-05,3.90E-05,0.000227021,0.00026544,0.000594672,2.60E-05,1.37E-05,"[1.00e+08,9.07e+11]","[1.00e+08,1.05e+11]",FALSE
ORG-2882,0.362060064,0.637939936,0.711131708,0.053691719,0.234775828,5.35E-05,0.000253776,6.42E-05,1.11E-05,1.82E-05,0.796452669,0.098213165,0.105334166,0.433273134,0.112600754,0.450123005,0.004003107,0.698173884,1.32E-05,0.000506093,0.005508055,0.000311682,0.004003107,0.291483999,0.269700255,0.730299745,0.052867549,0.159718674,0.272099724,0.216922935,0.283784992,0.012877613,0.001728513,0.004384285,0.08065571,0.06202471,0.005005334,0.207683334,0.187997758,0.281650647,0.170598221,8.143741908,36.46802326,1.397370641,2.119041273,14159620579,34548,409853.5539,0.218575393,2291426006,0.481734232,0.021957573,0.005518969,0.035284541,0.086606577,0.026697495,6.61E-06,0.193788465,0.10964194,2.96E-05,0.000310354,0.038075225,0.000168348,6.26E-05,6.25E-05,5.50E-05,"[1.00e+08,9.07e+11]","[1.00e+08,1.05e+11]",FALSE
ORG-2936,0.734695608,0.265304392,0.137216372,0.017941679,0.078874386,0.012430725,0.001709875,0.000136022,0.71210627,0.039584671,0.148527055,0.589792168,0.261680777,0.563781753,0.015719491,0.42048939,9.37E-06,0.353339151,0.000684883,0.039479448,0.214433837,0.274576424,9.37E-06,0.117476892,0.794110945,0.205889055,0.003287648,0.005290648,0.051410652,0.791004387,0.134772507,0.014158088,7.61E-05,0.022148,0.594210428,0.02999006,0.001648356,0.085875211,0.193359919,0.043365867,0.029402158,2.587220345,9.892633229,1.140331695,1.979887088,3.34124E+11,127767,2615100.206,0.110248691,36373167362,0.069373642,0.036541835,0.066416668,0.032184362,0.000350121,0.000994167,0.004152339,0.010027321,0.255880637,0.034395342,0.039370291,0.000453269,0.002592736,0.447186308,7.81E-05,2.85E-06,"[1.00e+08,9.07e+11]","[1.00e+08,1.05e+11]",FALSE
ORG-2937,0.633786747,0.366213253,0.317158603,0.12353911,0.294345751,0.022928054,0.01072521,0.034248064,0.194847447,0.002207762,0.503346395,0.486870683,0.009782922,0.793496439,0.04927438,0.156438178,0.000791002,0.82579942,0.002938512,0.007518094,0.023071362,0.0203395,0.000791002,0.119542109,0.230940295,0.769059705,0.081203648,0.097562765,0.091141991,0.150536239,0.56724751,0.010862292,0.001445554,0.047574235,0.341124293,0.112972445,0.015199738,0.125952361,0.11441084,0.160873631,0.081892458,3.726696206,10.40095508,1.34089798,1.965502308,1.24206E+11,982297,126444.4719,0.011524829,10049967112,0.198101396,0.087381502,0.05074184,0.109952268,0.04517004,0.048578528,0.0179937,0.162138868,0.009782385,0.002772634,0.081660737,0.025233542,0.006765184,0.142601172,0.01063855,0.000487655,"[1.00e+08,9.07e+11]","[1.00e+08,1.05e+11]",FALSE
ORG-2939,0.141363162,0.858636838,0.751966871,0.056851561,0.032615131,9.99E-05,0.003446517,0.154990686,2.93E-05,0,0.943261501,0.056254425,0.000484074,0.981089435,0.000164363,0.014075324,0.004670879,0.76719547,0.001337912,0.169522401,0.050194865,0.000666,0.004670879,0.006412473,0.911245632,0.088754368,0.032269072,0.007800296,0.006810636,0.878976708,0.073449657,0.000534529,0.000159102,0.008945618,0.010158038,0.024970137,0.000438308,0.096605402,0.361218597,0.135181581,0.36248232,5.020443531,6.209039548,1.579901987,1.770339753,25536480996,44640,572053.7857,0.120334703,2240438149,0.038339725,0.011210103,0.823517014,0.00254686,0.000105296,0.049273639,3.41E-05,0.030509677,0.000454236,3.82E-05,0.00304727,8.07E-05,0.001088183,1.63E-05,0.032761716,0.006976855,"[1.00e+08,9.07e+11]","[1.00e+08,1.05e+11]",FALSE
ORG-2940,0.197642137,0.802357863,0.045134545,0.937006365,0.009979103,0.000644232,0.003133557,0.004043906,5.88E-05,-5.04E-07,0.980868896,0.014973356,0.004157748,0.928561605,0.001347731,0.069894856,0.000195808,0.906941487,0.000710384,0.003309048,0.077253341,0.002792084,0.000127886,0.00886577,0.376072332,0.623927668,0.007844555,0.005110582,0.239523012,0.368333667,0.37787197,0.0009625,0.000353713,0.007271318,0.018847868,0.12298084,0.000381275,0.062137418,0.130491331,0.215192015,0.442697935,8.085927472,15.71792619,1.816562348,2.235049132,1.15912E+11,433183,267582.1295,0.023822585,11393649638,0.116730874,0.005486367,0.015947292,0.002568096,4.82E-05,0.842972667,0.00026675,0.005202816,0.004128946,0.000608519,0.000931647,1.95E-05,0.001454946,6.63E-05,0.003565701,1.42E-06,"[1.00e+08,9.07e+11]","[1.00e+08,1.05e+11]",FALSE
ORG-2941,0.697539241,0.302460759,0.193247269,0.029267841,0.098901308,0.071765421,0.001500281,0.544789635,0.001736525,0.058791719,0.278806745,0.59453923,0.126654025,0.380746171,0.005219414,0.613898958,0.000135457,0.207925175,0.001571041,9.53E-05,0.173740834,0.26291795,0.000135457,0.353614249,0.775738539,0.224261461,0.00728973,0.017077758,0.087054612,0.768623565,0.116106512,0.003592104,0.000255718,0.020746153,0.470096612,0.116580645,0.000727333,0.089996063,0.163449355,0.090750045,0.047653794,3.541205673,12.34823848,1.242141058,1.949097207,3.73851E+11,294832,1268012.171,0.060758681,38191635824,0.138864267,0.009078231,0.107212205,0.059709014,9.70E-05,0.01761328,0.05914186,0.01174385,0.121337712,0.046062749,0.044739247,0.00054715,0.000415257,0.001491406,0.381936576,1.02E-05,"[1.00e+08,9.07e+11]","[1.00e+08,1.05e+11]",FALSE
ORG-2942,0.982781092,0.017218908,0.151056123,0.002262511,0.007369849,0.196320188,4.37E-05,0.046911485,6.44E-05,0.59597173,0.385579413,0.565381228,0.049039359,0.19043071,3.41E-05,0.80500423,0.004530995,0.032344913,2.60E-05,0,0.004172911,0.748588068,0.004530995,0.210337075,0.993626207,0.006373793,0.000895365,0.00246555,0.001499662,0.9927382,0.002256905,0.000134251,1.01E-05,0.018961329,0.784818011,0.023391461,6.13E-05,0.155548955,0.009975113,0.004582216,0.002661622,1.30961003,3.844298246,0.764238832,1.32133014,26439489851,3759,7033649.867,1.345738266,2324776849,0.180513326,0.000476253,0.188300178,0.004759568,6.32E-07,0.002080952,0.01639138,0.002514896,0.048135722,0.556713077,1.07E-05,2.46E-05,4.24E-05,1.26E-05,2.33E-05,3.67E-07,"[1.00e+08,9.07e+11]","[1.00e+08,1.05e+11]",FALSE
ORG-2943,0.347057383,0.652942617,0.237593202,0.114755133,0.207437045,0.030924002,0.398037787,0.001136169,0.009138892,0.000977769,0.278631943,0.657668465,0.063699592,0.882694967,0.029140283,0.087827377,0.000337373,0.893211776,0.00253901,0.00137258,0.045611044,0.017780105,0.000337373,0.039148112,0.243580008,0.756419992,0.032104728,0.099330879,0.024906045,0.211617516,0.625065244,0.002996444,0.003979145,0.013334603,0.149077043,0.068331695,0.002104968,0.113892908,0.097698649,0.159012252,0.396547883,6.031207798,9.778303199,1.745221299,1.928326979,82290968743,201301,408795.6282,0.043426934,15230484103,0.154455531,0.09178929,0.026188134,0.117490804,0.000719011,0.038614193,0.026106097,0.069407497,0.062309108,0.004920967,0.005658484,0.033692564,0.363516773,0.003761854,0.001093749,0.000275944,"[1.00e+08,9.07e+11]","[1.00e+08,1.05e+11]",FALSE
ORG-2944,0.432221736,0.567778264,0.211667068,0.01502094,0.692805747,0.003218693,0.000286764,0.004776032,0.000594326,0.07163043,0.53651947,0.281755108,0.181725421,0.319174754,0.022909813,0.657886933,2.85E-05,0.337840138,3.88E-05,0.005989155,0.127762439,0.099821866,2.85E-05,0.428519128,0.288512231,0.711487769,0.020202455,0.035242737,0.20540797,0.268591425,0.457982928,0.012017422,0.000555063,0.031589447,0.118402884,0.079005737,0.007573495,0.198638171,0.301344996,0.149047925,0.114397344,3.546620995,12.36110367,1.249140189,1.903757785,76948337173,207463,370901.4965,0.0505775,8282892995,0.175369429,0.010922173,0.03426299,0.213462643,1.83E-05,0.003539295,0.000310992,0.329220445,0.176521166,0.008323767,0.001471461,0.000190386,0.000189356,0.044939546,0.001255396,2.62E-06,"[1.00e+08,9.07e+11]","[1.00e+08,1.05e+11]",FALSE
ORG-2945,0.447110903,0.552889097,0.832358126,0.028362338,0.099049055,0.005203007,0.000305391,0.005364772,0.002398283,0.026959027,0.149938248,0.049238055,0.800823697,0.108492728,0.008993152,0.88210837,0.000405751,0.154229388,7.34E-05,9.04E-05,0.064908281,0.006909512,0.000405751,0.773383297,0.698929805,0.301070195,0.03839002,0.027108088,0.089637812,0.663837085,0.174976147,0.005919033,0.000131815,0.012622357,0.03917824,0.098551093,0.000200289,0.296185641,0.266338288,0.077465536,0.209458555,178.2441889,128.6255265,2.131162272,2.463343445,19525464843,62859,310623.2177,0.156583978,1538563383,0.129449568,0.024731222,0.003752511,0.022177786,0.000169344,0.001967683,2.73E-05,0.016857971,0.797173082,0.000160143,0.000481278,0.000749038,0.000236493,0.001176174,0.000879111,1.13E-05,"[1.00e+08,9.07e+11]","[1.00e+08,1.05e+11]",FALSE
ORG-3960,0.268850428,0.731149572,0.915128595,0.002012296,0.02043467,0.026795628,0.00050159,0,0.032269213,0.002858009,0.606560239,0.354489939,0.038949822,0.615907045,0.23002202,0.154007491,6.34E-05,0.853425093,0,0,0.011239902,0.009164275,6.34E-05,0.126107286,0.10953818,0.89046182,0.001676123,0.01083919,0.252645505,0.107862255,0.626598791,-6.85E-05,0.000446686,-2.09E-05,0.051705833,0.137609755,0.016333155,0.070272029,0.551396973,0.093808233,0.078894915,2.787101693,9.812849162,1.215997682,1.731579426,15488465911,6090,2543262.054,0.794014109,2870387043,0.072728991,0.291174634,0.519001313,0.007342018,0.000650183,0.000132453,0.023836209,0.012989608,0.041838317,6.23E-06,4.95E-06,0.000731964,0.000444444,0.029118688,0,0,"[1.00e+08,9.07e+11]","[1.00e+08,1.05e+11]",FALSE
ORG-4020,0.918173695,0.081826305,0.857443126,0.076878471,0.064866329,0,0.000812075,0,0,0,0.839743151,0.160256849,0,1,0,0,0,1,0,0,0,0,0,0,0.588808067,0.411191933,0.315451539,0.115723048,0,0.274172368,0.294653045,0,0,0.028851484,0.009185898,0.525318618,0,0.354654154,0.013410402,0.056827777,0.011751668,1.471201772,3.617647059,0.838828373,1.339506498,7095562.714,142,49968.75151,1.073991238,2083739.446,0.833528982,0.096529082,0.004263532,0.062915692,0,0,0,0.001950637,0,0,0,0,0.000812075,0,0,0,"[1.00e+06,1.00e+07)","[1.00e+06,1.00e+07)",TRUE
ORG-4383,0.377538025,0.622461975,0.143541103,0.704549516,0.125904742,0.001383984,0.005068695,0.000196437,0.019269948,8.56E-05,0.67740742,0.3211642,0.00142838,1.000081551,7.71E-05,-0.000158667,0,0.994182483,0,0.005976184,0,-0.000158667,0,0,0.402078658,0.597921342,0.076867074,0.075712783,0.08960558,0.325336945,0.409628172,0.009781292,0.013068154,0,0.062270892,0.233178452,0.002374781,0.079713901,0.093828964,0.300738112,0.227894899,5.418827341,8.284210526,1.613474839,1.970544485,747274307,6376,117201.1147,0.172568442,283100668.1,0.082640126,0.178556144,0.040718307,0.09283736,0.033515541,0.513931964,0.001164113,0.019819281,0.000947745,0.001151051,0.004000565,0.016051063,0.005448227,0.00508664,0.000264823,0.003867048,"[1.00e+08,9.07e+11]","[1.00e+08,1.05e+11]",FALSE
ORG-4404,0.476029034,0.523970966,0.859047935,0.051841974,0.072518375,-2.66E-06,0.000265497,8.91E-06,0.016334004,-1.40E-05,0.892067693,0.080163596,0.027768711,0.707492703,0.108957423,0.14686368,0.036686193,0.837890865,0,0,0.004216327,0,0.036686193,0.121206615,0.366219673,0.633780327,0.029915839,0.243496706,0.023369402,0.336394267,0.256157551,0.109214895,0.00145134,-0.000126544,0.144743068,0.119531491,0.005749987,0.202089291,0.146167398,0.18764267,0.19420264,3.366865711,3.340909091,1.340441332,1.306897673,1079177471,2170,497316.8067,0.914693682,296899562.6,0.822779381,0.028519804,0.018238046,0.058311023,0,0.017905792,0,0.025359952,0.028558061,3.69E-06,4.82E-05,6.30E-05,0.00020555,0,7.54E-06,0,"[1.00e+08,9.07e+11]","[1.00e+08,1.05e+11]",FALSE
ORG-4774,0.981492085,0.018507915,0.522478562,0.307238514,0.086751925,0.019818701,0.054152874,0.000212546,0.009346268,6.11E-07,0.505169832,0.452201744,0.042628425,1,0,0,0,1,0,0,0,0,0,0,1.01724268,-0.01724268,1.01724268,0,0,0,-0.01724268,0,0,0,0.095843468,0,0,-0.078897597,0.499409393,0.421989818,0.061654917,3.194783065,5,1.287406528,1.510692977,7298898428,45512,160373.0539,0.017764753,4176861548,0.180729037,0.109846623,0.089163581,0.039028426,0.00177206,0.190671738,0.018723523,0.03031001,0.039234703,0.003554476,0.006208069,0.044400755,0.037696052,0.008568358,0.000196722,0.19989587,"[1.00e+08,9.07e+11]","[1.00e+08,1.05e+11]",FALSE
ORG-4793,0.938084908,0.061915092,0.988815017,0.011184983,0,0,0,0,0,0,0,1,0,1,0,0,0,0.19307971,0,0.80692029,0,0,0,0,0,1,0,0,0,0,1,0,0,0,0,0,0,0.938084908,0.061915092,0,0,1.061915092,1.25,0.71825159,0.794513458,37989732.94,2633,14428.30723,0.006628495,37989732.94,0,1,0,0,0,0,0,0,0,0,0,0,0,0,0,0,"[1.00e+07,1.00e+08)","[1.00e+07,1.00e+08)",TRUE
ORG-4955,0.498586237,0.501413763,0.169970751,0.088289347,0.740244021,0.000155118,0.001340763,0,0,0,0.556791915,0.443208085,0,0.859065282,0.051091021,0.000629956,0.089213741,0.910786259,0,0,0,0,0.089213741,0,0.149623587,0.850376413,0.024599344,0.402944028,0.085646774,0.125633248,0.118787968,0.053161985,0.189226653,0.008778562,0.041485355,0.203228792,0.001184923,0.244360688,0.174534125,0.194413461,0.132014096,3.152486544,4.765217391,1.2621869,1.554627143,535945721.9,2544,210670.4882,0.7677456,136555039.7,0.1691261,0.066195175,0.011070336,0.344409891,0.000572884,0.014322303,0.000111174,0.392395981,0,0,2.47E-05,0.001585186,0.000186299,0,0,0,"[1.00e+08,9.07e+11]","[1.00e+08,1.05e+11]",FALSE
Uncategorized,0.344303826,0.655696174,0.636552932,0.094896003,0.166553304,0.0086801,0.004283773,0.005479327,0.024759486,0.058795076,0.547927926,0.324435099,0.127636975,0.597151679,0.036879225,0.364933027,0.00103607,0.564390349,0.00202033,0.05282872,0.109899603,0.165406744,0.00103607,0.104418184,0.473041386,0.526958614,0.025020124,0.04547055,0.124689276,0.450899722,0.337607759,0.014607187,0.001705381,0.018730825,0.084545974,0.148560867,0.006206838,0.084615541,0.259839362,0.22671479,0.170785803,6.67012934,32.57393236,1.491778079,2.420490318,5.83289E+11,1165082,500641.8666,0.017307241,58750995184,0.121152066,0.049941311,0.062250502,0.048458022,0.242528827,0.06300259,0.002566812,0.124441695,0.143656042,0.025488999,0.010111842,0.049433435,0.003071755,0.017629045,0.005129011,0.031138045,"[1.00e+08,9.07e+11]","[1.00e+08,1.05e+11]",FALSE
